id,espece,poids_kg,age_ans,temperature,produit
1,Cheval,510.2,11,37.2,Produit C
2,Chat,3.14,2,39.5,Produit B
3,Cheval,495,14,38.5,Produit E
4,Vache,574.7,6,37.4,Produit A
5,Chat,7.21,13,38.3,Produit D
6,Chien,19.29,12,40.9,Produit B
7,Chat,5.24,14,40.2,Produit B
8,Chat,3.59,3,39.4,Produit A
9,Vache,567.4,9,37.9,Produit A
10,Vache,705.5,6,38,Produit B
11,Vache,676.3,2,37.6,Produit A
12,Chien,19.47,12,37.5,Produit A
13,Vache,634.7,13,37.1,Produit B
14,Vache,677.7,4,38.3,Produit B
15,Cheval,575,7,38.7,Produit B
16,Cheval,475.2,4,39.2,Produit D
17,Chien,22.33,11,38.9,Produit E
18,Chat,3.14,10,38.8,Produit A
19,Chien,18.96,4,37.8,Produit C
20,Lapin,4.63,8,40.2,Produit E
21,Chat,4.45,11,38.4,Produit B
22,Cheval,482.2,7,38.3,Produit A
23,Cheval,509.8,6,39.4,Produit B
24,Chat,5.71,11,39.6,Produit B
25,Cheval,445.1,8,38.1,Produit E
26,Lapin,3.97,10,40.5,Produit B
27,Chat,5.48,5,39.2,Produit E
28,Vache,698.3,14,37,Produit C
29,Chat,4.22,3,38.7,Produit D
30,Chat,4.43,9,39.8,Produit B
31,Vache,616.6,12,37.6,Produit C
32,Chien,21.62,13,39.1,Produit E
33,Chat,2.95,5,38.4,Produit B
34,Chat,5.37,10,38.6,Produit D
35,Cheval,545.2,7,37.5,Produit B
36,Lapin,3.81,13,40,Produit E
37,Lapin,2.1,11,38.5,Produit C
38,Cheval,599,2,39.1,Produit E
39,Vache,517.5,3,37,Produit A
40,Vache,689.7,7,37.3,Produit C
41,Chien,20.79,8,38,Produit D
42,Cheval,488.8,5,37.4,Produit E
43,Cheval,452.3,13,38.2,Produit D
44,Chat,4.15,2,40.2,Produit B
45,Chien,14.98,10,37.6,Produit C
46,Vache,732.2,7,37.7,Produit E
47,Vache,701.6,5,38.3,Produit D
48,Cheval,556.5,1,39.1,Produit A
49,Lapin,1.9,4,38.9,Produit A
50,Cheval,550.7,2,37.8,Produit E
51,Lapin,4.64,12,39.5,Produit E
52,Chien,15.26,11,39.8,Produit D
53,Cheval,422.7,8,37.8,Produit D
54,Chat,6.13,1,39.6,Produit B
55,Lapin,2.61,5,38.9,Produit C
56,Chien,24.45,3,38.2,Produit A
57,Chien,13.11,1,37.7,Produit A
58,Vache,603.7,13,37.5,Produit D
59,Chien,15.36,2,39.3,Produit D
60,Chat,5.77,15,40,Produit C
61,Chat,6.48,7,40.4,Produit E
62,Vache,482.7,8,37.5,Produit D
63,Cheval,592.6,6,39.2,Produit D
64,Lapin,2.81,1,39.9,Produit E
65,Chat,5.7,4,38.8,Produit B
66,Lapin,2.75,9,40.7,Produit E
67,Chien,9.28,15,39.2,Produit A
68,Lapin,2.51,1,39.8,Produit D
69,Chat,4.95,4,38.9,Produit E
70,Lapin,3.16,1,40.5,Produit B
71,Cheval,463.4,3,37.2,Produit A
72,Chien,18.81,9,39.9,Produit B
73,Chat,6.75,11,40.1,Produit C
74,Chien,14.63,5,40.9,Produit D
75,Chat,4.62,8,39.5,Produit B
76,Lapin,3.88,5,39.8,Produit C
77,Chat,5.35,11,39.9,Produit D
78,Lapin,3.44,7,39,Produit C
79,Vache,492.7,4,37.5,Produit D
80,Cheval,595.7,4,39,Produit E
81,Vache,532.3,2,37.9,Produit D
82,Chien,20.96,8,37.9,Produit B
83,Cheval,432.4,1,38.7,Produit D
84,Lapin,2.26,8,40.8,Produit A
85,Chat,3.07,3,39.6,Produit B
86,Chien,22.27,11,40,Produit E
87,Chat,4.88,12,40.3,Produit B
88,Chien,24.91,5,38.5,Produit A
89,Vache,730.3,8,37.1,Produit C
90,Chien,14.78,9,38.6,Produit A
91,Chien,11.17,3,39.4,Produit B
92,Chat,5.51,8,38.4,Produit E
93,Vache,555.1,13,37.6,Produit A
94,Vache,639.5,15,37.6,Produit E
95,Lapin,4.22,15,40.3,Produit E
96,Lapin,4.26,4,39.2,Produit D
97,Chien,8.23,3,38.6,Produit C
98,Chien,26.89,7,38.6,Produit A
99,Chat,4.33,11,38,Produit D
100,Cheval,508,13,38.8,Produit C
101,Chien,13.04,11,40.1,Produit B
102,Chat,5.75,2,40,Produit B
103,Lapin,1.25,2,40,Produit B
104,Cheval,527.8,6,37.3,Produit E
105,Cheval,427.2,11,38.7,Produit B
106,Chien,25.3,11,40.4,Produit B
107,Vache,548.3,1,37.7,Produit A
108,Vache,645,7,37.2,Produit A
109,Vache,641.2,10,37.5,Produit C
110,Chien,25.21,9,40,Produit B
111,Lapin,1.89,15,39.9,Produit C
112,Vache,732.4,7,37.4,Produit C
113,Chien,8.75,8,38.9,Produit B
114,Chat,4.4,3,39.6,Produit E
115,Chien,13.54,10,37.5,Produit A
116,Cheval,443.6,13,38.4,Produit D
117,Lapin,3.69,11,38.7,Produit A
118,Lapin,1.77,13,39.6,Produit D
119,Cheval,449.6,1,38,Produit C
120,Chat,6.44,7,39.3,Produit C
121,Chat,4.91,15,38.5,Produit B
122,Chien,14.23,12,39.9,Produit D
123,Lapin,3.17,1,40.2,Produit C
124,Chat,4.93,6,40.3,Produit E
125,Cheval,561.4,2,37.3,Produit B
126,Lapin,2.71,6,39.7,Produit C
127,Cheval,541.4,13,38.1,Produit A
128,Chat,3.62,4,40.3,Produit C
129,Vache,519.8,2,37.6,Produit C
130,Lapin,4.08,2,39.5,Produit D
131,Cheval,524.5,14,39.1,Produit A
132,Chat,2.52,15,40.4,Produit D
133,Vache,678.1,10,37.7,Produit B
134,Chat,6.01,7,38,Produit B
135,Chat,4.5,10,38.6,Produit B
136,Cheval,562.7,5,38.7,Produit B
137,Chien,22.46,10,39.7,Produit B
138,Lapin,2.31,15,40.9,Produit A
139,Lapin,3.29,3,40,Produit A
140,Vache,547.8,8,38.6,Produit D
141,Lapin,3.83,4,38.9,Produit D
142,Chat,4.38,5,39.7,Produit E
143,Cheval,562.2,4,37.9,Produit C
144,Cheval,577.9,7,37,Produit C
145,Chat,2.96,8,40.4,Produit A
146,Chat,4.31,8,40,Produit A
147,Vache,730.6,4,37.4,Produit B
148,Cheval,592.3,14,37.7,Produit A
149,Lapin,1.2,10,39.2,Produit E
150,Vache,695.6,6,37.7,Produit C
151,Chien,12.81,5,39.5,Produit E
152,Chat,6.92,11,38.7,Produit C
153,Chat,6.21,10,39.4,Produit D
154,Lapin,4.64,12,40.6,Produit C
155,Vache,559.3,8,38.6,Produit E
156,Chien,16.48,2,40.4,Produit C
157,Chien,25.28,11,39.9,Produit B
158,Vache,640.3,5,37.8,Produit C
159,Lapin,2.05,15,38.8,Produit E
160,Vache,567.9,7,37.8,Produit B
161,Chat,4.95,9,40.1,Produit B
162,Chat,6.42,9,39.1,Produit D
163,Chat,5.2,13,38.8,Produit E
164,Vache,466.7,10,38.9,Produit A
165,Chat,4.96,6,39.7,Produit A
166,Lapin,3.31,8,39.1,Produit C
167,Chien,14.71,14,38.5,Produit C
168,Vache,601.3,12,38.4,Produit B
169,Cheval,446.6,1,38.3,Produit A
170,Cheval,507.8,2,38,Produit A
171,Lapin,3.32,5,39,Produit D
172,Cheval,506.1,11,37,Produit A
173,Chat,7.38,3,38.4,Produit A
174,Chien,18.56,14,40,Produit A
175,Vache,582.5,11,37.8,Produit D
176,Lapin,2.59,13,39.8,Produit B
177,Chien,26.57,6,37.5,Produit D
178,Cheval,534.2,1,38.8,Produit D
179,Chien,21.57,9,37.9,Produit B
180,Lapin,2.51,12,40.4,Produit B
181,Vache,678.8,1,37,Produit E
182,Vache,622.4,13,38.3,Produit A
183,Chat,5.25,15,38.9,Produit C
184,Chien,27.39,8,38.7,Produit D
185,Chien,8.61,12,40.4,Produit A
186,Chien,15.67,14,39.6,Produit C
187,Vache,691.5,11,38.9,Produit D
188,Chat,2.75,7,38.2,Produit E
189,Chien,17.03,7,40.5,Produit C
190,Chat,4.49,12,40.2,Produit D
191,Chien,27.75,7,38.7,Produit C
192,Chien,27.92,9,39.9,Produit D
193,Cheval,588.7,8,38,Produit C
194,Chien,25.89,9,38.6,Produit B
195,Chien,16.35,4,40.5,Produit B
196,Chien,24.42,2,39.2,Produit D
197,Cheval,602.4,1,38.3,Produit C
198,Vache,652.8,9,37.8,Produit C
199,Cheval,512.1,7,39.3,Produit B
200,Chien,18.33,3,39.6,Produit A
201,Chat,5.3,1,38.6,Produit A
202,Lapin,2.41,10,39.1,Produit A
203,Lapin,3.54,10,38.9,Produit E
204,Chat,4.99,13,39.7,Produit C
205,Lapin,3.77,13,39.3,Produit B
206,Chien,20.25,13,38.7,Produit D
207,Cheval,546.7,2,38.2,Produit C
208,Vache,597.6,1,37.4,Produit E
209,Lapin,2.86,11,40.1,Produit E
210,Lapin,3.48,5,40.2,Produit B
211,Vache,697.5,7,38.8,Produit B
212,Cheval,457.4,3,38.9,Produit E
213,Cheval,465.6,3,37.2,Produit D
214,Cheval,531,9,37.7,Produit A
215,Chat,3.35,9,38.9,Produit B
216,Chien,25.41,1,40.1,Produit E
217,Chien,10.33,10,40.5,Produit D
218,Vache,521.6,15,37.3,Produit B
219,Cheval,551.5,13,38.4,Produit B
220,Vache,507.8,9,38.1,Produit A
221,Chat,2.59,5,40.4,Produit B
222,Cheval,450.9,13,38.8,Produit B
223,Chat,4.98,13,38.1,Produit B
224,Chien,10.38,1,39.4,Produit C
225,Cheval,576.4,9,39.3,Produit B
226,Chien,20.91,11,38.7,Produit D
227,Vache,637.7,4,37.6,Produit A
228,Lapin,4.94,10,40.2,Produit C
229,Chien,17.85,6,40,Produit D
230,Cheval,454.8,1,38.5,Produit A
231,Vache,557.4,1,37.9,Produit D
232,Lapin,4.94,13,40.1,Produit A
233,Chien,26.87,4,38.6,Produit E
234,Cheval,410,14,38.1,Produit C
235,Lapin,4.12,15,40.4,Produit C
236,Chien,9.1,4,37.5,Produit D
237,Chat,3.75,13,39.3,Produit C
238,Vache,642,15,37.9,Produit A
239,Lapin,4.14,3,40.1,Produit C
240,Vache,559.2,1,38.8,Produit E
241,Cheval,474.3,11,37.6,Produit A
242,Chien,26.47,7,37.5,Produit E
243,Cheval,428.4,12,39.1,Produit E
244,Lapin,3.11,2,40.8,Produit A
245,Lapin,3.53,12,39.3,Produit C
246,Vache,743.9,2,38.1,Produit B
247,Vache,637.8,10,38.7,Produit B
248,Vache,527.5,4,38.6,Produit A
249,Chien,16.33,5,38.9,Produit E
250,Lapin,3.41,8,39.3,Produit B
251,Chien,23.35,8,40.8,Produit A
252,Vache,528.5,2,38.4,Produit A
253,Vache,645.1,8,37.6,Produit A
254,Lapin,2.12,6,39.8,Produit C
255,Vache,607.1,6,38.7,Produit B
256,Chien,19.61,3,39.5,Produit E
257,Chien,9.31,11,37.5,Produit C
258,Lapin,2.47,5,38.9,Produit D
259,Chien,25.42,4,38.3,Produit E
260,Chat,4.09,8,40.2,Produit B
261,Vache,648.3,15,37,Produit A
262,Chien,15.49,1,37.8,Produit B
263,Chat,7.09,4,39.4,Produit B
264,Lapin,3.53,5,39,Produit B
265,Chien,11.92,4,40.3,Produit B
266,Lapin,3.88,1,39,Produit C
267,Lapin,1.77,10,40.2,Produit D
268,Chien,21.4,13,39.3,Produit C
269,Lapin,3.52,1,40.4,Produit B
270,Vache,550.9,4,38.3,Produit A
271,Chien,21.78,2,40.7,Produit D
272,Chien,15.2,11,40.3,Produit D
273,Cheval,510.7,14,38.5,Produit B
274,Vache,728.3,13,38.3,Produit C
275,Vache,456.1,15,37.2,Produit E
276,Chat,2.64,4,39.7,Produit E
277,Cheval,594.5,3,37.2,Produit C
278,Cheval,414.1,13,37.1,Produit E
279,Cheval,569.4,13,39.1,Produit D
280,Chat,2.76,11,38.7,Produit A
281,Chat,2.66,10,38.6,Produit B
282,Lapin,2.28,3,39.8,Produit E
283,Chat,2.73,15,39.2,Produit C
284,Chat,2.99,5,39.6,Produit E
285,Lapin,3.24,3,40.7,Produit B
286,Cheval,458.7,1,38,Produit D
287,Chat,2.79,13,39.1,Produit E
288,Chat,3.75,6,38.4,Produit C
289,Chien,19.53,2,38.7,Produit B
290,Cheval,461.8,6,38.5,Produit A
291,Cheval,408.8,12,39.2,Produit E
292,Lapin,3.09,14,40.1,Produit B
293,Chat,3.19,2,38.7,Produit E
294,Chat,6.04,2,39.1,Produit D
295,Cheval,585.1,5,37.6,Produit A
296,Vache,503,13,38.4,Produit D
297,Chien,20.12,2,38.6,Produit C
298,Lapin,3.63,15,39.1,Produit D
299,Vache,458.1,15,38.2,Produit A
300,Lapin,1.24,11,40.3,Produit D
301,Chat,7.49,10,38.7,Produit A
302,Chat,4.66,14,38.8,Produit B
303,Chien,19.26,8,40.1,Produit B
304,Chien,14.15,11,39.7,Produit B
305,Cheval,441.5,10,38.3,Produit A
306,Lapin,1.29,4,38.9,Produit B
307,Cheval,498.5,5,37,Produit E
308,Chien,8.28,10,38.5,Produit B
309,Chien,25.16,12,40.6,Produit E
310,Cheval,486.4,5,39.3,Produit C
311,Chat,4.91,6,40.1,Produit A
312,Chat,6.18,5,38,Produit E
313,Lapin,3.9,13,40.8,Produit E
314,Lapin,3.71,8,38.5,Produit C
315,Cheval,522.1,13,37,Produit B
316,Vache,676.1,6,38.4,Produit E
317,Cheval,539.4,14,38.3,Produit D
318,Vache,465.4,4,38.7,Produit E
319,Vache,462.8,2,38.4,Produit A
320,Lapin,2.5,5,40.8,Produit B
321,Chat,6.48,2,39.2,Produit C
322,Vache,580.2,10,37.5,Produit D
323,Chat,4.32,5,39.9,Produit C
324,Chien,19.37,1,39.9,Produit D
325,Chat,5.56,15,40.3,Produit B
326,Lapin,3.68,13,39.6,Produit E
327,Lapin,2.1,11,40.5,Produit A
328,Cheval,492.5,15,37,Produit B
329,Lapin,2.48,9,40.2,Produit D
330,Cheval,575.2,11,37,Produit A
331,Lapin,3.89,10,39.7,Produit B
332,Chien,20.97,6,38.3,Produit C
333,Chat,3.7,7,38.8,Produit C
334,Chat,3.72,7,38.1,Produit B
335,Chien,14.48,11,40.9,Produit B
336,Vache,748.9,4,38.7,Produit B
337,Lapin,1.57,15,39.8,Produit C
338,Lapin,4.68,14,40.3,Produit C
339,Lapin,4.54,3,38.7,Produit D
340,Vache,489,2,38.9,Produit D
341,Lapin,3.83,4,38.5,Produit C
342,Chat,5.34,5,38.1,Produit D
343,Chien,21.64,9,40.8,Produit D
344,Cheval,483.9,12,37.7,Produit C
345,Vache,591.7,10,38.5,Produit A
346,Cheval,434.3,2,37.4,Produit A
347,Chien,26.1,6,40.1,Produit B
348,Chat,2.92,7,38,Produit E
349,Cheval,470.9,13,39,Produit B
350,Chat,2.99,1,38,Produit D
351,Vache,628.7,9,38.8,Produit B
352,Lapin,2.69,15,40,Produit D
353,Vache,505.2,6,37.6,Produit A
354,Chien,22.9,11,40.5,Produit E
355,Vache,646.1,14,38.9,Produit B
356,Vache,742.4,12,38.6,Produit E
357,Cheval,557.4,4,38,Produit D
358,Cheval,413.9,13,38.2,Produit C
359,Cheval,471.2,4,38.4,Produit B
360,Cheval,556.3,15,39.2,Produit D
361,Cheval,602.7,15,37.4,Produit C
362,Chien,13.38,10,40.7,Produit B
363,Chat,6.73,10,39.5,Produit D
364,Chien,19.79,7,37.9,Produit D
365,Vache,627.7,9,38.8,Produit A
366,Chien,27.98,4,37.9,Produit A
367,Cheval,514.1,13,38.6,Produit C
368,Vache,692.1,8,37.8,Produit B
369,Lapin,1.83,2,40.6,Produit D
370,Cheval,542,3,38.4,Produit C
371,Chat,4.01,7,38.4,Produit B
372,Chat,7.03,1,39,Produit A
373,Vache,694.8,2,38.2,Produit D
374,Vache,723.2,14,37.8,Produit E
375,Chat,3.28,4,38.1,Produit A
376,Chien,14.24,14,39.2,Produit E
377,Chat,7.14,10,38.6,Produit A
378,Cheval,443.7,2,38.7,Produit E
379,Cheval,600,9,37.3,Produit C
380,Chat,6.65,3,38.1,Produit C
381,Cheval,590.2,1,38.5,Produit C
382,Cheval,436.7,6,37.4,Produit E
383,Lapin,3.6,7,39.6,Produit B
384,Chat,4.15,2,38.5,Produit B
385,Cheval,491.3,6,38.7,Produit B
386,Vache,738.2,14,37.3,Produit C
387,Chat,7.29,15,38.1,Produit C
388,Chien,12.64,3,40,Produit C
389,Lapin,4.37,1,40.2,Produit C
390,Cheval,474.1,11,37.4,Produit E
391,Lapin,4.05,7,40.1,Produit E
392,Chien,8.23,13,38.3,Produit C
393,Cheval,447.8,10,38.4,Produit E
394,Chien,19.69,6,37.8,Produit B
395,Cheval,432.7,1,37.8,Produit C
396,Vache,511.7,14,38.4,Produit E
397,Chat,4.16,8,38.4,Produit C
398,Cheval,558.9,11,37.8,Produit E
399,Vache,633.6,11,37.6,Produit D
400,Cheval,415.9,12,38.8,Produit A
401,Cheval,478.2,2,38.3,Produit B
402,Vache,484.7,15,38.6,Produit B
403,Lapin,3.03,8,39.9,Produit B
404,Cheval,603.6,11,38.4,Produit C
405,Chat,6.59,7,39,Produit E
406,Lapin,1.33,8,40.8,Produit B
407,Cheval,549.5,1,37,Produit D
408,Vache,566,15,37.3,Produit E
409,Chien,8.96,12,40,Produit E
410,Cheval,439.7,10,37.9,Produit A
411,Lapin,3.9,5,38.7,Produit C
412,Lapin,4.01,4,40.8,Produit D
413,Chat,2.62,11,40.3,Produit B
414,Vache,479.2,13,38.3,Produit E
415,Cheval,538.3,11,37.1,Produit D
416,Chien,16.06,11,39.4,Produit B
417,Chien,17.88,4,39.3,Produit C
418,Chat,4.26,4,39.5,Produit D
419,Vache,627.8,1,38.4,Produit E
420,Cheval,437.2,11,39.2,Produit C
421,Chien,14.68,10,39.2,Produit D
422,Cheval,406.9,15,37.4,Produit A
423,Chien,19.38,9,37.6,Produit C
424,Cheval,431.5,7,37.1,Produit E
425,Cheval,527.3,1,38.3,Produit E
426,Chien,24.33,11,38.7,Produit C
427,Vache,485.2,6,38.6,Produit A
428,Lapin,1.31,15,38.9,Produit C
429,Chien,27.17,4,40.5,Produit D
430,Cheval,561.2,2,39.3,Produit B
431,Chat,3.98,6,40.3,Produit C
432,Chien,23.67,4,40.4,Produit D
433,Cheval,432.1,4,37.7,Produit B
434,Vache,610.6,12,37.3,Produit D
435,Chat,4.28,10,40.2,Produit B
436,Cheval,478.8,9,39,Produit E
437,Lapin,1.26,12,39.8,Produit B
438,Chien,21.27,10,38.6,Produit D
439,Chien,15.15,14,40.7,Produit D
440,Vache,669.9,13,37.8,Produit E
441,Cheval,408.7,15,39.1,Produit C
442,Chien,9.16,11,37.6,Produit B
443,Chien,20.15,3,38.9,Produit D
444,Vache,732.1,7,37,Produit B
445,Vache,472.1,9,37.2,Produit E
446,Lapin,1.37,7,38.9,Produit A
447,Chat,4.35,8,40.2,Produit A
448,Cheval,467.9,14,37.7,Produit A
449,Chien,8.3,13,38.3,Produit B
450,Lapin,4.24,7,39,Produit D
451,Vache,512.9,8,37.6,Produit C
452,Lapin,3.56,7,39.4,Produit C
453,Lapin,2.18,11,39,Produit C
454,Cheval,528,3,38,Produit E
455,Cheval,503.8,10,39,Produit A
456,Chien,19.45,11,39.7,Produit B
457,Chat,5.98,7,38.2,Produit A
458,Vache,586.1,13,38.7,Produit C
459,Vache,599.3,5,38.4,Produit D
460,Cheval,580.1,8,38.8,Produit A
461,Chien,19.36,4,39.8,Produit C
462,Chat,3.42,7,39.6,Produit A
463,Lapin,4.32,11,38.8,Produit D
464,Chien,17.68,10,37.6,Produit E
465,Lapin,4.52,2,39.7,Produit B
466,Vache,554.4,3,38.4,Produit E
467,Vache,489.8,6,37.2,Produit B
468,Cheval,542,8,38.5,Produit C
469,Chien,17.49,11,37.6,Produit C
470,Vache,456.1,9,38.7,Produit E
471,Cheval,458.1,13,37.9,Produit E
472,Chat,2.72,9,39.7,Produit E
473,Vache,507.4,4,38.9,Produit A
474,Chat,4.8,2,39.5,Produit A
475,Cheval,499.9,6,37.4,Produit C
476,Cheval,535.5,6,37.4,Produit D
477,Chat,4.99,8,38,Produit B
478,Chien,9.09,3,38.5,Produit C
479,Vache,703.7,13,37.3,Produit B
480,Vache,597.3,12,38,Produit A
481,Lapin,4.79,6,40.4,Produit C
482,Cheval,412.4,3,37.2,Produit A
483,Chien,15.35,8,39.5,Produit A
484,Lapin,4.3,11,39,Produit D
485,Vache,734.7,15,37.9,Produit A
486,Chien,21.08,6,38.4,Produit E
487,Cheval,486.9,14,37.7,Produit A
488,Chien,13.04,14,39,Produit B
489,Vache,632.4,10,37.2,Produit D
490,Cheval,405.5,2,38.3,Produit C
491,Lapin,4.62,3,40.2,Produit A
492,Lapin,3.97,3,40,Produit C
493,Lapin,1.26,10,39.4,Produit A
494,Vache,605.8,9,38.9,Produit C
495,Lapin,4.39,11,39.1,Produit C
496,Chat,5.17,8,39.8,Produit C
497,Vache,551.1,14,38.1,Produit E
498,Chien,14.17,4,40.5,Produit E
499,Lapin,4.01,6,38.5,Produit D
500,Chat,5.94,5,39.5,Produit B
501,Chien,10.68,4,39.9,Produit A
502,Cheval,464.4,8,38.3,Produit B
503,Vache,686.8,14,37.9,Produit D
504,Cheval,535.2,3,38.1,Produit D
505,Chat,5.74,10,39.3,Produit A
506,Cheval,531.9,4,37.7,Produit B
507,Chat,5.28,15,38.4,Produit A
508,Vache,676.7,3,38.1,Produit C
509,Lapin,3.69,6,38.7,Produit B
510,Chien,17.66,15,39,Produit E
511,Chien,16.72,6,40.7,Produit D
512,Vache,717.2,6,37.6,Produit C
513,Cheval,520,11,38.4,Produit B
514,Lapin,4.98,2,39.6,Produit E
515,Lapin,4.36,5,40.1,Produit C
516,Vache,485.9,4,37.5,Produit B
517,Chat,2.82,8,38.1,Produit B
518,Vache,574.7,12,37.2,Produit D
519,Lapin,3.92,14,40.3,Produit B
520,Vache,661.6,2,37.7,Produit B
521,Chien,16.24,8,37.8,Produit C
522,Lapin,2.25,8,39.2,Produit B
523,Lapin,3.85,4,40.7,Produit A
524,Vache,507.3,15,37.2,Produit D
525,Cheval,459.9,4,38.2,Produit B
526,Cheval,593.6,14,39.3,Produit C
527,Chien,12.26,12,38.4,Produit B
528,Vache,709,6,38.8,Produit D
529,Lapin,3.21,4,39.9,Produit E
530,Chien,11.95,14,40.6,Produit B
531,Chien,16.98,2,40.1,Produit D
532,Chat,6.16,7,39.3,Produit C
533,Chien,20.5,2,40.2,Produit A
534,Cheval,445.2,9,38.3,Produit B
535,Vache,527.8,11,37.5,Produit D
536,Chat,7.24,4,39.1,Produit C
537,Chat,2.86,8,38,Produit C
538,Lapin,1.58,13,38.9,Produit C
539,Cheval,490.1,12,39.3,Produit E
540,Lapin,4.26,2,40.4,Produit A
541,Chat,6.98,10,38.9,Produit D
542,Chat,7.1,1,38.7,Produit B
543,Cheval,510,3,37.9,Produit B
544,Chien,25.04,12,38.2,Produit E
545,Chien,18.08,9,39.1,Produit B
546,Cheval,504.3,13,38.4,Produit A
547,Lapin,1.96,3,40.3,Produit B
548,Chat,4.64,4,39.2,Produit C
549,Lapin,4.31,3,39.7,Produit D
550,Chien,19.76,12,37.5,Produit D
551,Vache,466.4,7,38.7,Produit E
552,Lapin,2.66,10,38.6,Produit C
553,Chat,5.4,8,40.4,Produit A
554,Lapin,3.03,1,40.9,Produit E
555,Lapin,2.92,6,40.7,Produit E
556,Chat,3.13,8,38.4,Produit A
557,Cheval,401,4,37.1,Produit C
558,Chien,10.73,11,40.2,Produit A
559,Chat,5.53,15,39.4,Produit E
560,Vache,490.9,10,38.4,Produit C
561,Lapin,1.07,5,39.7,Produit A
562,Cheval,440.1,7,38.7,Produit C
563,Chien,21.46,6,38.6,Produit C
564,Vache,595.1,4,38.1,Produit B
565,Chat,5.29,3,38,Produit D
566,Chat,7.27,1,39.5,Produit B
567,Chien,24.49,1,38.7,Produit A
568,Chat,4.05,3,38.5,Produit A
569,Lapin,3.73,7,40.9,Produit C
570,Lapin,4.52,6,38.5,Produit D
571,Chat,7.4,14,38.1,Produit E
572,Vache,557.7,13,38.4,Produit C
573,Chien,24.5,2,38.3,Produit A
574,Chat,6.5,2,38.3,Produit C
575,Lapin,2.91,12,39.8,Produit E
576,Vache,487.6,3,37.2,Produit B
577,Lapin,3.75,5,39.2,Produit A
578,Chat,5.03,3,39.8,Produit C
579,Lapin,2.76,6,38.6,Produit A
580,Vache,463.7,8,38.7,Produit B
581,Vache,558.8,7,38.3,Produit A
582,Chien,26.48,10,37.5,Produit D
583,Chien,11.63,7,39.1,Produit C
584,Chat,6.95,15,39.9,Produit A
585,Chien,10.36,12,40.8,Produit E
586,Chien,19.01,11,38.1,Produit B
587,Chat,4.67,4,38.1,Produit E
588,Cheval,579.2,13,38.4,Produit B
589,Chat,5.93,15,39.7,Produit C
590,Chat,4.35,1,39.7,Produit E
591,Lapin,2.96,11,40.1,Produit D
592,Chien,24.81,12,38.3,Produit E
593,Lapin,3.59,12,40.8,Produit A
594,Cheval,476.8,9,38.5,Produit E
595,Vache,718.5,3,38,Produit D
596,Vache,656.3,15,37.1,Produit A
597,Chat,7.42,4,39.2,Produit C
598,Cheval,540.9,2,37.5,Produit E
599,Chat,3.56,3,40.3,Produit B
600,Chien,19.6,11,38.7,Produit D
601,Chien,15.24,11,38.7,Produit A
602,Chien,25.83,10,40,Produit B
603,Lapin,3.51,9,39.2,Produit E
604,Lapin,2.96,1,39.3,Produit B
605,Chien,11.55,3,38.1,Produit A
606,Vache,538,15,37.9,Produit E
607,Cheval,481.9,5,39.1,Produit E
608,Vache,679.6,8,38.1,Produit C
609,Chat,3.51,2,40.4,Produit C
610,Cheval,448.2,3,38.9,Produit A
611,Chien,27.47,1,37.5,Produit A
612,Cheval,537,12,38.9,Produit D
613,Chien,23.36,4,39.7,Produit B
614,Chat,3.59,4,38.4,Produit D
615,Lapin,1.95,11,40.3,Produit E
616,Vache,508.5,6,37.2,Produit D
617,Chat,6.95,14,39.2,Produit A
618,Cheval,566.7,14,39.4,Produit E
619,Lapin,1.82,6,40.9,Produit E
620,Lapin,1.82,9,39.7,Produit E
621,Chat,2.68,2,38,Produit D
622,Chien,26.78,10,39.4,Produit B
623,Lapin,3.8,14,38.8,Produit A
624,Lapin,2.89,5,40.4,Produit D
625,Lapin,1.07,13,39.8,Produit D
626,Cheval,425.6,10,37.3,Produit C
627,Cheval,435.6,11,37.5,Produit C
628,Vache,564.9,11,38.5,Produit B
629,Chien,26.4,1,37.6,Produit C
630,Vache,708.5,7,37.3,Produit A
631,Lapin,3.94,14,40.9,Produit A
632,Chien,13.95,9,37.7,Produit E
633,Vache,648.9,9,38.5,Produit A
634,Vache,723.5,9,37.7,Produit D
635,Vache,452.2,6,38.2,Produit B
636,Lapin,2.19,7,39.9,Produit E
637,Chien,27.96,3,38.3,Produit A
638,Chat,3.69,15,39.5,Produit C
639,Cheval,427.3,13,37.3,Produit E
640,Vache,732,9,38.2,Produit B
641,Cheval,451.7,7,37.3,Produit A
642,Cheval,443.7,8,37.8,Produit E
643,Vache,749.3,9,37.4,Produit A
644,Cheval,513.1,12,37.1,Produit A
645,Lapin,1.46,9,38.6,Produit A
646,Lapin,2.75,5,38.5,Produit A
647,Chat,5.88,13,38.4,Produit A
648,Vache,619.4,13,37.9,Produit D
649,Chat,5.99,8,39.3,Produit A
650,Chien,26.46,11,39.6,Produit D
651,Vache,607.2,5,37,Produit C
652,Chien,19.2,3,37.8,Produit A
653,Vache,507.5,8,37.7,Produit B
654,Cheval,539.9,1,37.4,Produit B
655,Cheval,472.5,8,39.4,Produit B
656,Lapin,1.37,9,39,Produit C
657,Lapin,4.63,8,38.9,Produit E
658,Lapin,3.01,1,39.9,Produit D
659,Chien,13.25,7,40.8,Produit C
660,Chat,7.44,10,38.7,Produit A
661,Lapin,2.59,7,40.3,Produit A
662,Chat,6.08,4,39.6,Produit D
663,Lapin,4.17,7,39.8,Produit B
664,Vache,472.7,9,38.3,Produit C
665,Lapin,3.89,3,38.9,Produit A
666,Vache,463.3,14,37.9,Produit D
667,Chien,21.35,1,38.8,Produit B
668,Lapin,4.43,1,40,Produit C
669,Cheval,415.2,9,39.1,Produit E
670,Lapin,4.26,3,40.6,Produit B
671,Lapin,2.86,6,39.9,Produit B
672,Vache,715.6,4,37.9,Produit E
673,Cheval,517.5,6,38.6,Produit A
674,Cheval,528.1,6,37,Produit C
675,Chien,18.42,7,40.7,Produit E
676,Chat,6.14,5,39.6,Produit A
677,Chat,6.29,5,38.2,Produit B
678,Lapin,3.51,5,40.2,Produit E
679,Chat,5.07,1,38.4,Produit C
680,Lapin,1.41,4,39.8,Produit C
681,Chien,13.01,2,37.7,Produit D
682,Vache,581.4,1,37.4,Produit A
683,Chien,15.89,1,39.8,Produit C
684,Chat,6.56,11,38.6,Produit A
685,Vache,470.8,4,38.4,Produit B
686,Cheval,487.9,7,37.5,Produit D
687,Chat,5.28,10,38.1,Produit C
688,Vache,577.1,10,38.4,Produit C
689,Chien,21.89,2,39.6,Produit D
690,Lapin,2.02,5,39.7,Produit A
691,Vache,583.6,2,38.5,Produit D
692,Lapin,4.02,5,38.9,Produit A
693,Cheval,419.3,13,38,Produit C
694,Chien,12.66,11,40.2,Produit E
695,Cheval,580.1,2,38.4,Produit D
696,Vache,506,10,38.2,Produit B
697,Chien,16.34,5,37.6,Produit C
698,Lapin,3.68,9,39.7,Produit B
699,Chien,13.98,4,39.5,Produit E
700,Chat,4.95,5,40,Produit D
701,Vache,626.3,11,37.8,Produit B
702,Chien,20.98,1,38.1,Produit D
703,Chat,7.38,3,39.1,Produit C
704,Cheval,451,4,38.6,Produit B
705,Cheval,481.7,5,38.6,Produit B
706,Chat,6.68,15,39,Produit B
707,Lapin,1.31,3,39.9,Produit C
708,Chat,6.69,8,40.3,Produit D
709,Chat,6.29,6,40.4,Produit B
710,Lapin,3.52,6,39.9,Produit E
711,Chien,13.95,12,37.8,Produit E
712,Chat,3.31,1,39.9,Produit B
713,Chat,4.14,14,38.6,Produit E
714,Lapin,3.88,7,38.5,Produit B
715,Chien,23.87,11,38.2,Produit A
716,Vache,574.6,4,37.1,Produit B
717,Lapin,2.99,4,38.7,Produit D
718,Cheval,571.6,6,37.8,Produit C
719,Cheval,464,15,38.5,Produit C
720,Vache,684.6,7,37.3,Produit C
721,Chat,5.81,11,39.7,Produit B
722,Chien,27.75,8,39.1,Produit A
723,Lapin,3.55,5,38.8,Produit C
724,Lapin,3.79,13,40.8,Produit A
725,Chien,19.31,6,40.9,Produit E
726,Lapin,1.28,9,39.4,Produit B
727,Chien,18.09,10,39.2,Produit E
728,Vache,476,4,38.2,Produit B
729,Lapin,4.95,11,39.8,Produit D
730,Chien,8.04,7,37.7,Produit D
731,Chien,26.28,11,40.6,Produit B
732,Chien,14.51,3,40.4,Produit E
733,Chien,11.89,7,40.2,Produit C
734,Chien,19.6,3,39.6,Produit B
735,Vache,734.9,2,38.3,Produit E
736,Cheval,449,1,38.6,Produit B
737,Vache,660.7,7,37.4,Produit A
738,Vache,716.5,7,37.4,Produit B
739,Vache,481.6,5,38.5,Produit D
740,Lapin,3.35,11,40.1,Produit C
741,Lapin,4.38,4,39.1,Produit C
742,Cheval,496.4,9,38.4,Produit B
743,Vache,633.6,6,38.5,Produit A
744,Vache,619.6,8,38.2,Produit C
745,Vache,524,7,37.4,Produit A
746,Lapin,2.45,12,40.2,Produit D
747,Cheval,531.7,12,37.2,Produit E
748,Chat,5.06,14,38.2,Produit D
749,Cheval,471.7,3,38.3,Produit D
750,Vache,702.7,10,38.4,Produit D
751,Vache,476.9,11,38.6,Produit B
752,Cheval,529.5,15,39.4,Produit C
753,Chat,4.01,1,39,Produit D
754,Vache,512.8,4,37.1,Produit D
755,Cheval,572.2,10,37.7,Produit B
756,Chat,4.39,6,38.4,Produit B
757,Chat,7.22,2,39.5,Produit D
758,Chat,5.85,8,38.3,Produit D
759,Cheval,431.8,6,37.5,Produit A
760,Chien,11.34,7,39.7,Produit D
761,Chien,13.1,15,40.1,Produit B
762,Chat,6.55,12,39.8,Produit A
763,Vache,572.5,7,38.9,Produit A
764,Chien,15.07,8,39.5,Produit C
765,Lapin,4.47,2,40,Produit E
766,Chien,16.51,7,39.5,Produit B
767,Chien,22.14,8,38,Produit B
768,Vache,488.1,14,37.6,Produit A
769,Lapin,4.81,3,40.9,Produit B
770,Chat,2.67,14,39.3,Produit A
771,Lapin,2.26,4,38.7,Produit E
772,Cheval,534.6,1,37,Produit D
773,Chien,21.68,14,37.8,Produit E
774,Vache,630.4,8,37.5,Produit B
775,Chat,3.19,14,39.5,Produit A
776,Vache,747.2,10,37.8,Produit B
777,Chien,14.43,12,37.8,Produit D
778,Vache,678.9,11,37.6,Produit B
779,Chien,13.06,14,38,Produit B
780,Chien,22.06,2,40.8,Produit C
781,Lapin,3.86,6,39.4,Produit D
782,Chien,16.28,3,38.7,Produit C
783,Vache,703.3,10,37.2,Produit A
784,Chat,6.42,2,39.5,Produit B
785,Cheval,429.6,10,37.4,Produit A
786,Chat,3.97,6,38.7,Produit E
787,Chat,6.87,10,40.4,Produit E
788,Chat,4.99,1,39.1,Produit E
789,Vache,581.2,1,38.3,Produit E
790,Chien,24.67,4,39.2,Produit E
791,Vache,679.2,7,38.5,Produit A
792,Lapin,2.67,5,39.5,Produit D
793,Cheval,423.3,15,38.3,Produit A
794,Chien,15.88,15,38.8,Produit D
795,Vache,651.2,5,37.4,Produit A
796,Lapin,4.4,5,39.4,Produit D
797,Cheval,436,11,37.2,Produit D
798,Chat,5.74,1,38.3,Produit A
799,Cheval,486,10,38.3,Produit B
800,Vache,695.1,3,38.6,Produit B
801,Chien,25.75,11,39.5,Produit C
802,Cheval,520.5,1,38.2,Produit C
803,Chien,16.96,9,39.8,Produit A
804,Cheval,408.2,7,37.7,Produit B
805,Chien,10.98,4,39.7,Produit E
806,Lapin,2.74,3,40.5,Produit C
807,Cheval,423.9,9,39.2,Produit E
808,Cheval,475,13,38.1,Produit E
809,Chat,3.94,2,38,Produit E
810,Cheval,531.6,7,37.2,Produit E
811,Chat,5.32,1,38.7,Produit B
812,Lapin,2.5,10,39.8,Produit A
813,Lapin,2.01,8,38.9,Produit C
814,Vache,528.5,14,38.4,Produit D
815,Lapin,2.61,13,40.4,Produit E
816,Chien,15.23,15,39.6,Produit C
817,Vache,710.9,13,38.8,Produit A
818,Chat,5.5,11,38.7,Produit C
819,Lapin,3.39,9,40,Produit D
820,Lapin,3.22,15,39.3,Produit D
821,Lapin,3.07,13,40.7,Produit C
822,Chien,23.8,5,38.4,Produit E
823,Cheval,426.7,5,38.8,Produit C
824,Vache,727.5,12,38.6,Produit A
825,Cheval,528.9,5,37.4,Produit A
826,Chat,2.7,1,38.1,Produit C
827,Lapin,1.58,6,40.2,Produit D
828,Chien,16.95,7,37.8,Produit D
829,Chien,17.16,15,37.8,Produit A
830,Chat,5.03,12,39.3,Produit B
831,Chat,4.51,6,40.1,Produit A
832,Vache,608.9,11,38.5,Produit E
833,Vache,547,14,38.3,Produit A
834,Chat,2.58,2,38.2,Produit D
835,Lapin,4.42,2,39.9,Produit D
836,Chat,5.52,8,38.7,Produit A
837,Lapin,1.67,12,39.9,Produit D
838,Vache,629.2,11,38.2,Produit C
839,Lapin,3.04,6,39.6,Produit E
840,Cheval,522.2,1,37.5,Produit D
841,Cheval,516.8,15,37.8,Produit B
842,Chat,6.52,4,40.4,Produit D
843,Chien,11.33,5,40.1,Produit C
844,Vache,472.5,4,37,Produit D
845,Vache,567.4,6,37.4,Produit D
846,Chien,27.99,10,38.6,Produit D
847,Chat,5.94,10,39.3,Produit D
848,Chien,24.63,12,40.7,Produit B
849,Cheval,450.2,9,37,Produit C
850,Chat,4.25,9,39.7,Produit A
851,Lapin,2.96,14,40.3,Produit B
852,Lapin,3.57,4,39.3,Produit A
853,Lapin,3.53,8,39.7,Produit C
854,Lapin,2.86,11,40.1,Produit B
855,Cheval,441.6,1,38,Produit D
856,Chat,6.23,8,39.3,Produit C
857,Chat,3.75,13,38.1,Produit A
858,Cheval,528.1,1,38.7,Produit E
859,Chat,5.55,6,38.6,Produit E
860,Chat,6.8,14,38.4,Produit A
861,Lapin,3.39,15,40.2,Produit E
862,Chat,3.1,13,40.4,Produit E
863,Lapin,3,9,39.6,Produit A
864,Chat,6.09,7,39.1,Produit B
865,Chien,21.56,14,39.1,Produit C
866,Cheval,595.1,3,38.8,Produit B
867,Cheval,435.2,8,38.3,Produit D
868,Vache,487.1,1,38.8,Produit B
869,Cheval,418.1,11,39.4,Produit E
870,Chat,2.93,10,38.3,Produit B
871,Lapin,2.94,9,40,Produit A
872,Cheval,483.4,8,37.9,Produit D
873,Chien,9.27,6,38.3,Produit A
874,Vache,662.6,6,38.9,Produit B
875,Cheval,460,11,38.1,Produit C
876,Chien,24.73,13,40.7,Produit A
877,Chat,5.37,2,38.4,Produit C
878,Chien,24.31,11,38.1,Produit A
879,Chien,27.26,11,37.8,Produit B
880,Cheval,503.5,4,37.4,Produit D
881,Chat,2.62,4,38.2,Produit B
882,Chat,4.41,2,38.3,Produit E
883,Chien,9.41,13,40.2,Produit E
884,Cheval,517.2,15,38.5,Produit E
885,Lapin,3.51,1,38.6,Produit D
886,Cheval,447.8,13,37.3,Produit C
887,Cheval,414.8,9,39.4,Produit D
888,Chat,6.87,13,38.2,Produit B
889,Chien,21.46,10,39.2,Produit E
890,Lapin,2.4,2,38.9,Produit C
891,Chat,6.61,14,38.1,Produit E
892,Vache,481.1,2,38.5,Produit A
893,Vache,592.8,14,37.5,Produit B
894,Lapin,1.16,3,39.6,Produit D
895,Vache,481.1,15,37.8,Produit A
896,Chien,26.39,8,38.2,Produit C
897,Lapin,1.04,4,39.8,Produit E
898,Chat,7.34,14,39.2,Produit B
899,Chien,18.02,10,37.9,Produit E
900,Lapin,1.37,12,40.4,Produit C
901,Vache,684.4,5,38.1,Produit A
902,Lapin,2.12,2,40.4,Produit A
903,Vache,529.6,5,37.5,Produit B
904,Chat,4,12,39.6,Produit E
905,Cheval,443.3,2,38.9,Produit C
906,Chien,12.31,1,39,Produit D
907,Lapin,3.26,6,40,Produit D
908,Cheval,401.9,10,39.4,Produit D
909,Vache,673.7,10,38.8,Produit D
910,Chien,24.52,11,38.8,Produit C
911,Chat,4.49,4,38.4,Produit B
912,Chien,21.23,3,39.7,Produit B
913,Chien,25.09,12,40.7,Produit E
914,Chien,13.21,12,39.7,Produit B
915,Chat,6.38,14,39.5,Produit D
916,Lapin,2.89,13,38.9,Produit A
917,Cheval,527,11,39.3,Produit D
918,Lapin,3.99,10,39.1,Produit E
919,Vache,744.3,15,38.6,Produit D
920,Lapin,1.55,8,40.4,Produit C
921,Lapin,2.46,9,39.1,Produit E
922,Lapin,2.43,14,40.5,Produit C
923,Lapin,2.69,12,38.5,Produit B
924,Cheval,542.5,8,37.3,Produit C
925,Lapin,2.16,4,40.2,Produit C
926,Lapin,1.45,4,40.1,Produit D
927,Lapin,2.82,9,40.2,Produit A
928,Chien,15.69,7,37.7,Produit E
929,Cheval,419.9,14,37.3,Produit E
930,Chien,8.98,8,39.3,Produit B
931,Vache,625.4,2,37.3,Produit C
932,Chat,6.78,14,38.1,Produit C
933,Chat,3.91,4,38.4,Produit C
934,Chat,4.15,9,39.3,Produit A
935,Cheval,472.2,10,38.1,Produit D
936,Chat,4.8,3,40.2,Produit A
937,Chien,16.39,2,39,Produit C
938,Chien,13.76,8,40.2,Produit C
939,Cheval,409.1,3,37.9,Produit A
940,Chat,5.63,14,40.1,Produit C
941,Vache,618.5,2,38.1,Produit B
942,Lapin,2.73,5,40.4,Produit B
943,Lapin,2.72,14,40.6,Produit A
944,Vache,551.3,3,38.7,Produit E
945,Chat,7.23,9,39.8,Produit E
946,Cheval,507.5,11,39.2,Produit A
947,Vache,457.1,14,37.5,Produit C
948,Chat,2.81,13,38.3,Produit E
949,Cheval,402.1,13,37.8,Produit B
950,Chat,4.23,2,38.2,Produit E
951,Cheval,491.9,11,37.5,Produit E
952,Lapin,2.99,14,39.4,Produit B
953,Cheval,583.9,3,37.7,Produit B
954,Vache,587,7,38.4,Produit C
955,Vache,733.9,7,37.9,Produit E
956,Vache,659.5,7,38.3,Produit C
957,Chat,5.99,4,38.8,Produit D
958,Chat,3.34,2,38.5,Produit B
959,Cheval,604.3,1,39,Produit A
960,Chat,6.81,14,39.8,Produit E
961,Cheval,403.9,14,39,Produit E
962,Cheval,603.1,11,37,Produit E
963,Vache,501.6,5,38,Produit E
964,Lapin,3.93,4,39.9,Produit A
965,Cheval,452.1,10,39.2,Produit B
966,Vache,561.6,12,37,Produit A
967,Chien,19.08,6,40.4,Produit B
968,Chien,11.4,10,39.5,Produit B
969,Chien,22.28,10,38.5,Produit A
970,Vache,485.3,5,38.7,Produit C
971,Vache,663.5,13,37.8,Produit B
972,Cheval,443.5,3,38.6,Produit A
973,Vache,623.6,13,37.6,Produit B
974,Lapin,2.29,9,39.1,Produit B
975,Vache,590.1,7,37.6,Produit C
976,Chien,27.41,15,38.8,Produit E
977,Chat,4.71,1,38.7,Produit B
978,Cheval,481.9,6,39,Produit E
979,Vache,518.7,3,37.5,Produit E
980,Vache,669.2,13,38,Produit C
981,Chat,5.3,3,38.5,Produit D
982,Cheval,465.1,2,38.4,Produit D
983,Vache,709.9,15,37.6,Produit E
984,Vache,530.7,2,38.4,Produit C
985,Cheval,481.3,6,37,Produit C
986,Chien,19.7,13,40.1,Produit B
987,Cheval,583.9,5,39.1,Produit B
988,Vache,733.3,15,37.6,Produit C
989,Chien,25.25,8,38,Produit D
990,Chat,4.74,5,38.4,Produit E
991,Vache,601.4,5,38.1,Produit E
992,Chien,11.95,7,38.4,Produit D
993,Chien,25.66,13,40.6,Produit D
994,Vache,658.6,1,37.2,Produit C
995,Lapin,4.22,12,38.8,Produit C
996,Chien,18.07,2,39.8,Produit B
997,Vache,562.4,5,38.4,Produit C
998,Chien,17.52,2,39.5,Produit E
999,Cheval,456.6,8,38.6,Produit E
1000,Lapin,2.91,9,38.9,Produit D
1001,Chien,25.44,1,40.6,Produit A
1002,Chat,5.62,8,39,Produit E
1003,Lapin,1.35,12,40.9,Produit A
1004,Chat,4.73,15,40.2,Produit E
1005,Chien,19.4,15,39.6,Produit B
1006,Cheval,474.9,3,37.4,Produit D
1007,Vache,678.8,2,38.1,Produit E
1008,Chat,5.57,5,39.3,Produit D
1009,Chat,3.94,9,39.3,Produit D
1010,Chat,3.82,14,38.9,Produit B
1011,Lapin,2.87,9,39.6,Produit C
1012,Vache,479.7,3,38.5,Produit E
1013,Chat,5.81,11,40,Produit E
1014,Lapin,3.78,3,38.8,Produit E
1015,Vache,552.2,1,38.6,Produit B
1016,Chat,7.43,9,38.6,Produit E
1017,Chien,9.25,11,39.5,Produit A
1018,Chien,10.74,4,37.8,Produit B
1019,Lapin,1.17,14,40,Produit A
1020,Lapin,2.59,7,40.1,Produit C
1021,Vache,753.7,11,38.6,Produit D
1022,Chien,20.69,11,39.1,Produit A
1023,Chat,6.07,9,39.3,Produit E
1024,Chat,6.58,10,39.5,Produit A
1025,Cheval,421.4,10,37,Produit C
1026,Lapin,4.71,4,38.7,Produit A
1027,Chat,3.97,15,38.2,Produit D
1028,Lapin,2.9,8,39.1,Produit C
1029,Lapin,3.89,5,38.5,Produit A
1030,Vache,492.8,12,37.1,Produit C
1031,Lapin,4.94,11,39.2,Produit B
1032,Cheval,486.8,6,37.1,Produit D
1033,Cheval,595.7,10,39.2,Produit D
1034,Vache,675.4,8,37.3,Produit A
1035,Lapin,4.38,11,40.4,Produit E
1036,Chien,20.47,5,39.6,Produit A
1037,Chien,12.05,15,38.3,Produit B
1038,Chat,4.57,11,40.3,Produit D
1039,Vache,643.1,9,37.8,Produit E
1040,Cheval,562.9,8,37.2,Produit C
1041,Cheval,596.2,10,38.9,Produit C
1042,Vache,707.1,4,37.7,Produit C
1043,Chat,4.5,8,39.9,Produit E
1044,Cheval,484.5,3,39.2,Produit B
1045,Lapin,1.09,1,38.9,Produit B
1046,Cheval,529.4,3,37,Produit A
1047,Vache,713.6,10,37.9,Produit C
1048,Vache,623.6,7,37.6,Produit A
1049,Chien,14.94,2,39.9,Produit A
1050,Chien,19.86,12,37.8,Produit D
1051,Cheval,600.5,1,38.3,Produit E
1052,Lapin,3.26,6,38.7,Produit D
1053,Chien,26.84,5,38.4,Produit B
1054,Chat,7.25,8,38.6,Produit D
1055,Chat,3.33,5,38.5,Produit B
1056,Chat,5.56,2,40,Produit D
1057,Cheval,426.2,1,39.2,Produit A
1058,Chat,5.84,15,38.8,Produit E
1059,Chien,12.16,13,38.4,Produit D
1060,Cheval,491.9,7,39.2,Produit B
1061,Chien,25.32,14,40.6,Produit B
1062,Cheval,603,4,37.7,Produit A
1063,Lapin,4.72,2,39.3,Produit D
1064,Chien,13.53,7,37.7,Produit A
1065,Chat,3.24,14,38.3,Produit A
1066,Lapin,4.81,5,38.7,Produit A
1067,Vache,479.6,8,37.7,Produit D
1068,Chat,6.35,14,39.1,Produit A
1069,Chien,20.01,5,37.5,Produit A
1070,Vache,545.2,14,38.6,Produit B
1071,Chien,26.66,7,40.1,Produit D
1072,Cheval,471.9,8,38.2,Produit B
1073,Cheval,424.9,9,38,Produit C
1074,Chat,4.52,9,38.5,Produit C
1075,Vache,481.4,13,37.3,Produit D
1076,Vache,593.6,12,37.7,Produit A
1077,Chien,10.3,10,37.5,Produit D
1078,Lapin,3.35,3,40.3,Produit B
1079,Cheval,600.3,10,39.1,Produit B
1080,Chien,24.2,2,38.4,Produit E
1081,Chien,23.82,9,40.1,Produit C
1082,Cheval,573.6,14,37.4,Produit B
1083,Lapin,3.49,3,39,Produit D
1084,Chien,17.35,1,38.9,Produit C
1085,Cheval,410,10,39.4,Produit E
1086,Cheval,569.7,2,37,Produit C
1087,Vache,549,5,37.3,Produit A
1088,Chien,24.06,7,39.3,Produit C
1089,Chien,24.33,6,37.6,Produit E
1090,Vache,521.8,7,38.2,Produit E
1091,Vache,719.7,7,37.2,Produit A
1092,Vache,683,15,37.7,Produit E
1093,Vache,742.7,5,38.8,Produit C
1094,Cheval,561.2,3,37.2,Produit B
1095,Lapin,1.65,15,38.8,Produit A
1096,Cheval,435,2,37.1,Produit E
1097,Chat,2.53,8,38.2,Produit D
1098,Chien,27.36,14,40.5,Produit B
1099,Chat,3.52,14,38.8,Produit A
1100,Vache,738.4,2,37.1,Produit D
1101,Vache,472.3,15,38.1,Produit B
1102,Chien,20.98,5,39.5,Produit A
1103,Lapin,3.27,10,38.9,Produit A
1104,Cheval,403.6,5,38.6,Produit E
1105,Vache,667,13,38.4,Produit D
1106,Lapin,4.75,4,39.3,Produit B
1107,Cheval,570.7,13,38.3,Produit B
1108,Chat,3.66,13,38.3,Produit E
1109,Chien,24.67,3,38.9,Produit C
1110,Chat,6.13,15,39.6,Produit B
1111,Chien,19.34,11,39.1,Produit C
1112,Vache,533.9,12,37.7,Produit E
1113,Chien,8.5,8,38.6,Produit A
1114,Lapin,4.23,7,40.5,Produit C
1115,Chat,5.56,11,39.7,Produit A
1116,Chien,23.76,1,40.4,Produit C
1117,Chien,9.71,11,40.5,Produit A
1118,Chat,5.58,2,38.4,Produit B
1119,Chien,10.16,14,40.2,Produit C
1120,Chat,5.57,3,39.7,Produit E
1121,Lapin,1.99,12,39.2,Produit D
1122,Chien,17.8,12,38.8,Produit A
1123,Chat,3.68,12,39.6,Produit B
1124,Chat,4.65,15,39.6,Produit D
1125,Cheval,575.7,3,37.7,Produit A
1126,Chien,10.61,2,38.8,Produit A
1127,Cheval,527.9,5,38.8,Produit D
1128,Chat,5.02,14,38.2,Produit C
1129,Vache,500.1,8,37.9,Produit A
1130,Chien,13.08,11,40.7,Produit A
1131,Cheval,465.6,11,37.1,Produit E
1132,Chien,12.88,10,40.5,Produit A
1133,Vache,739.4,10,38.7,Produit C
1134,Chat,3.73,2,39.6,Produit E
1135,Chat,3.77,2,39.6,Produit B
1136,Chien,18.89,7,38.4,Produit D
1137,Vache,746,12,37.6,Produit E
1138,Lapin,3.53,15,38.7,Produit C
1139,Chat,5.83,15,38.4,Produit C
1140,Cheval,494.4,4,37,Produit C
1141,Cheval,509.7,3,38.8,Produit E
1142,Chat,4.39,10,38.9,Produit C
1143,Chien,24.98,3,39,Produit E
1144,Vache,568,11,38.4,Produit A
1145,Chat,2.54,7,40.4,Produit C
1146,Chien,23.28,13,40.1,Produit A
1147,Lapin,2.1,3,40.5,Produit E
1148,Chien,23.63,11,38.4,Produit B
1149,Cheval,442.4,11,38.8,Produit D
1150,Vache,624,6,37.8,Produit A
1151,Lapin,4.76,14,40.1,Produit D
1152,Vache,525.3,8,38.7,Produit C
1153,Lapin,2.09,12,39.7,Produit B
1154,Chat,6.85,2,39.9,Produit A
1155,Cheval,522.2,5,39.2,Produit E
1156,Lapin,3.15,1,39.1,Produit C
1157,Chien,26.27,10,38.2,Produit A
1158,Lapin,2.52,10,39.1,Produit B
1159,Vache,733.7,4,38.3,Produit E
1160,Chien,8.53,3,37.8,Produit C
1161,Vache,529.7,9,37.7,Produit A
1162,Chat,3.07,5,40.2,Produit B
1163,Chien,12.26,4,38.9,Produit C
1164,Chat,3.59,14,39.3,Produit B
1165,Vache,639.8,8,37.5,Produit C
1166,Vache,471.4,6,38.6,Produit D
1167,Lapin,2.59,12,38.9,Produit D
1168,Cheval,555.8,11,38.9,Produit D
1169,Vache,473.1,6,37.3,Produit B
1170,Vache,716.7,2,38.4,Produit E
1171,Chien,19.27,9,40.3,Produit A
1172,Lapin,1.32,4,40.4,Produit B
1173,Chat,5.52,3,40.4,Produit D
1174,Chien,27.2,9,40.3,Produit C
1175,Chien,22.13,11,37.8,Produit A
1176,Lapin,2.92,11,38.6,Produit B
1177,Chien,23.7,12,40.2,Produit E
1178,Lapin,1.06,12,40.3,Produit C
1179,Chat,5.08,6,38.9,Produit B
1180,Lapin,3.23,9,39.5,Produit A
1181,Chien,16.36,3,38.8,Produit A
1182,Chat,6.51,2,38.9,Produit A
1183,Lapin,1.15,3,40.2,Produit B
1184,Cheval,456.2,14,37.2,Produit C
1185,Chat,5.48,14,39.8,Produit A
1186,Vache,613.5,10,38.3,Produit A
1187,Chat,6.72,1,39.4,Produit C
1188,Lapin,1.85,10,40,Produit C
1189,Chat,6.42,8,40.2,Produit E
1190,Vache,531.1,13,37.3,Produit C
1191,Vache,630.1,2,37.8,Produit D
1192,Cheval,498.4,12,37.4,Produit C
1193,Chien,20.36,10,38.9,Produit B
1194,Chat,6.05,9,38.6,Produit D
1195,Chien,20.41,13,40.1,Produit D
1196,Vache,684.2,3,37,Produit D
1197,Chat,6.26,13,39.5,Produit C
1198,Lapin,1.18,13,39.5,Produit C
1199,Chien,18.29,11,37.8,Produit B
1200,Lapin,4.12,11,38.5,Produit A
1201,Vache,631.9,1,38.9,Produit D
1202,Cheval,464.3,6,37,Produit E
1203,Chat,5.62,7,40,Produit D
1204,Cheval,431.4,6,38.6,Produit E
1205,Chien,16.56,12,39.3,Produit D
1206,Chat,7.34,12,39.3,Produit C
1207,Lapin,4.31,3,38.9,Produit D
1208,Cheval,410.5,3,38.1,Produit D
1209,Lapin,2.23,10,40,Produit A
1210,Vache,511.6,4,37.2,Produit B
1211,Cheval,562.5,4,39.4,Produit D
1212,Lapin,3.33,14,39.9,Produit C
1213,Vache,743.9,13,37.9,Produit E
1214,Chat,6.11,2,38.1,Produit C
1215,Chat,4.83,15,38.4,Produit D
1216,Cheval,552.2,1,38.2,Produit C
1217,Vache,470.2,2,37.3,Produit A
1218,Lapin,1.56,9,38.7,Produit C
1219,Vache,604,13,37.5,Produit A
1220,Chien,24.15,12,40.6,Produit B
1221,Chat,4.69,6,38.5,Produit D
1222,Vache,720,4,37,Produit D
1223,Cheval,530.3,5,38.2,Produit E
1224,Vache,634.2,2,38.4,Produit B
1225,Vache,589.1,7,37.1,Produit A
1226,Chat,7.44,2,39,Produit A
1227,Lapin,2,10,38.9,Produit D
1228,Lapin,2.84,4,40,Produit E
1229,Cheval,503.7,8,39,Produit A
1230,Lapin,3.31,9,39.3,Produit C
1231,Chat,7.17,4,40.4,Produit D
1232,Cheval,454.9,13,38.3,Produit E
1233,Cheval,452.7,2,38.2,Produit B
1234,Lapin,2.19,4,38.5,Produit B
1235,Chat,5.54,2,39.8,Produit B
1236,Chien,24.7,14,37.6,Produit C
1237,Cheval,520.8,10,39.1,Produit E
1238,Lapin,3.9,1,40.2,Produit A
1239,Lapin,2.93,13,38.9,Produit D
1240,Chien,21.4,2,39.8,Produit D
1241,Lapin,4.2,13,39.6,Produit A
1242,Cheval,425.9,1,37.4,Produit C
1243,Cheval,448.9,4,39.3,Produit A
1244,Cheval,582.1,12,38.4,Produit E
1245,Chat,4.11,4,40.1,Produit B
1246,Chien,10.99,9,40,Produit E
1247,Lapin,1.51,4,39.5,Produit B
1248,Chat,5,14,39,Produit B
1249,Chat,6.99,1,38.2,Produit D
1250,Lapin,4.94,8,40.5,Produit D
1251,Lapin,4.14,13,40.5,Produit C
1252,Chien,22.79,6,40.4,Produit D
1253,Cheval,572.9,1,38.5,Produit D
1254,Chat,3.4,14,38.1,Produit B
1255,Lapin,4.07,4,39.3,Produit D
1256,Chat,3.87,3,39.6,Produit A
1257,Cheval,454.5,1,38.7,Produit B
1258,Chien,18.83,4,38.1,Produit C
1259,Lapin,2.89,11,39.3,Produit B
1260,Cheval,469.1,14,38.2,Produit E
1261,Cheval,464.7,9,37.3,Produit D
1262,Chien,10.7,11,38.9,Produit E
1263,Vache,580,14,38.9,Produit A
1264,Cheval,509.3,3,37.8,Produit D
1265,Lapin,1.68,8,38.9,Produit D
1266,Cheval,521.2,5,37.9,Produit E
1267,Cheval,421.6,4,37.2,Produit B
1268,Vache,620.8,12,38.9,Produit B
1269,Chat,3.96,9,38.8,Produit E
1270,Lapin,2.65,1,39,Produit C
1271,Cheval,492.4,15,38.5,Produit D
1272,Cheval,548.9,9,39.4,Produit D
1273,Vache,504.4,7,38.3,Produit E
1274,Chien,23.22,9,40.4,Produit E
1275,Chat,6.3,13,39.3,Produit A
1276,Chien,10.59,9,37.5,Produit E
1277,Chat,3.09,10,38.8,Produit D
1278,Chien,27.86,13,40.3,Produit D
1279,Chat,3.49,10,38.5,Produit E
1280,Vache,529.3,4,37.3,Produit B
1281,Lapin,2.68,2,40.7,Produit A
1282,Cheval,498.2,10,37.9,Produit E
1283,Lapin,3.01,14,40.3,Produit C
1284,Lapin,4.01,2,39.9,Produit D
1285,Vache,722.7,8,38.9,Produit E
1286,Chat,4.92,8,40,Produit D
1287,Chat,6.81,4,39.8,Produit D
1288,Vache,469.5,5,37.6,Produit B
1289,Chien,21.19,9,38,Produit B
1290,Cheval,559.5,2,38.1,Produit C
1291,Lapin,3.46,1,38.9,Produit B
1292,Chat,5.66,2,39.2,Produit B
1293,Chien,13.04,7,37.6,Produit C
1294,Chat,6.11,14,38,Produit E
1295,Chat,6.1,9,39.9,Produit E
1296,Vache,492.9,15,38.4,Produit B
1297,Cheval,605.8,11,37,Produit C
1298,Chien,23.86,15,37.5,Produit B
1299,Cheval,566.5,5,38.6,Produit C
1300,Chien,9.8,4,40.5,Produit D
1301,Chat,4.53,7,38.4,Produit A
1302,Chat,5.35,15,39.9,Produit C
1303,Lapin,2.82,4,38.6,Produit A
1304,Chat,7.3,2,38,Produit A
1305,Chat,4.81,5,39.8,Produit E
1306,Lapin,3.53,2,39,Produit B
1307,Chat,5.59,14,39,Produit C
1308,Chat,2.66,5,40.4,Produit C
1309,Chien,17.28,15,38.5,Produit B
1310,Chien,19.79,1,39.4,Produit E
1311,Vache,540.3,4,37.2,Produit B
1312,Chien,9.97,7,39.5,Produit C
1313,Chat,4.99,9,39.4,Produit E
1314,Chien,20.19,10,38.4,Produit C
1315,Cheval,486,3,37.7,Produit C
1316,Lapin,3.51,11,40.2,Produit A
1317,Chat,2.89,3,38.9,Produit B
1318,Chat,4.12,15,39.7,Produit A
1319,Chien,8.63,4,37.7,Produit D
1320,Chat,3.45,14,40.4,Produit A
1321,Vache,639.7,8,38,Produit C
1322,Chat,2.7,8,39.1,Produit B
1323,Chien,23.91,11,38.7,Produit E
1324,Lapin,2.68,14,39.1,Produit A
1325,Chat,3.2,5,39.5,Produit A
1326,Chat,4.72,5,39.8,Produit D
1327,Lapin,3.52,14,39.3,Produit A
1328,Vache,561.8,14,37.1,Produit D
1329,Chien,15.51,2,39.4,Produit E
1330,Cheval,518.6,15,39,Produit D
1331,Vache,704.8,2,37.9,Produit B
1332,Vache,570.7,5,37.6,Produit E
1333,Cheval,494.6,9,37.9,Produit A
1334,Lapin,2.42,1,38.9,Produit D
1335,Lapin,1.69,2,38.5,Produit B
1336,Chien,19.67,3,40.6,Produit D
1337,Cheval,578.7,2,37.4,Produit A
1338,Chat,6.71,9,38.9,Produit A
1339,Chien,11.68,6,40.5,Produit C
1340,Chien,27.98,11,40.1,Produit A
1341,Lapin,3.64,8,38.9,Produit E
1342,Chat,6.98,3,40.3,Produit B
1343,Chat,6.28,3,39.5,Produit C
1344,Cheval,516.9,5,38.3,Produit C
1345,Chien,25.46,11,39.2,Produit A
1346,Vache,736.3,11,38.2,Produit B
1347,Lapin,1.93,8,38.6,Produit E
1348,Chien,19.55,14,40.8,Produit B
1349,Vache,475.4,9,37.5,Produit D
1350,Vache,622.8,9,37.8,Produit D
1351,Chat,4.32,11,40.1,Produit A
1352,Vache,478.6,13,37.3,Produit A
1353,Lapin,3.51,1,38.7,Produit D
1354,Vache,694.3,2,37.1,Produit C
1355,Cheval,417,14,38.9,Produit E
1356,Chien,18.21,13,38.9,Produit C
1357,Cheval,462.2,15,38.8,Produit B
1358,Chien,16.48,1,40.4,Produit B
1359,Cheval,528.9,1,37.1,Produit B
1360,Vache,512,5,37.3,Produit C
1361,Vache,670.8,1,37.4,Produit D
1362,Vache,703.1,11,37.9,Produit D
1363,Chien,15.38,2,37.6,Produit C
1364,Lapin,1.47,4,38.5,Produit B
1365,Chat,7.46,3,39.9,Produit D
1366,Cheval,435.8,15,38.2,Produit A
1367,Lapin,4.2,9,39.1,Produit C
1368,Cheval,567.8,7,39.4,Produit A
1369,Cheval,509.6,2,38.7,Produit A
1370,Chien,26.74,12,39.3,Produit D
1371,Vache,675.7,2,37.6,Produit B
1372,Cheval,590.4,15,38.6,Produit C
1373,Lapin,4.51,13,40.5,Produit D
1374,Chien,12.51,12,38.5,Produit C
1375,Vache,478.9,6,38.1,Produit E
1376,Cheval,542.8,12,38,Produit D
1377,Lapin,4.99,11,39.1,Produit A
1378,Chien,9.05,15,38.6,Produit C
1379,Cheval,481.2,15,38.3,Produit D
1380,Cheval,503.2,2,39.3,Produit C
1381,Chien,13.08,1,39.5,Produit A
1382,Chat,3.45,3,39.4,Produit B
1383,Cheval,438.2,7,37.2,Produit E
1384,Cheval,491.6,2,37.9,Produit C
1385,Lapin,1.46,11,39.6,Produit B
1386,Vache,486.7,5,37.7,Produit C
1387,Cheval,456.3,6,38.9,Produit C
1388,Lapin,2.27,1,38.6,Produit B
1389,Chien,22.17,9,40.9,Produit A
1390,Chien,21.88,11,38.3,Produit D
1391,Lapin,1.85,4,40.3,Produit A
1392,Chat,5.55,4,39,Produit C
1393,Lapin,1.68,15,40.3,Produit D
1394,Chat,7.05,12,39,Produit E
1395,Lapin,4.14,1,38.7,Produit C
1396,Chat,7.13,15,40.4,Produit C
1397,Chat,4.72,12,39.1,Produit B
1398,Vache,498,14,37,Produit C
1399,Chien,26.22,3,40.2,Produit B
1400,Chien,15.07,11,40.1,Produit C
1401,Lapin,3.75,14,39.9,Produit C
1402,Chat,2.62,2,38.6,Produit B
1403,Cheval,469.8,3,38.2,Produit D
1404,Vache,458.5,12,38.6,Produit A
1405,Chien,17.18,9,37.8,Produit A
1406,Cheval,468.9,11,38.9,Produit D
1407,Chat,6.97,9,38.6,Produit B
1408,Chien,14.58,8,40.3,Produit E
1409,Chien,14.9,1,38.9,Produit A
1410,Cheval,431.5,9,38,Produit B
1411,Lapin,4.5,8,40.4,Produit B
1412,Chat,5.16,12,39.8,Produit D
1413,Chat,5.17,2,40.1,Produit B
1414,Chat,7.46,8,40.2,Produit B
1415,Lapin,1.86,13,39.5,Produit E
1416,Vache,454.1,8,38.6,Produit A
1417,Chien,17.01,4,38.2,Produit C
1418,Vache,624.2,9,38.7,Produit C
1419,Lapin,4.55,7,40.3,Produit D
1420,Chien,18.86,15,39.3,Produit B
1421,Chat,4.43,9,39.4,Produit C
1422,Chien,13.37,15,40.2,Produit A
1423,Chien,15.94,4,38.7,Produit C
1424,Chien,10.6,1,38,Produit B
1425,Lapin,1.09,13,40.8,Produit A
1426,Chien,18.8,2,37.8,Produit A
1427,Cheval,454.6,14,38.6,Produit B
1428,Vache,667,6,37.7,Produit B
1429,Vache,583.3,15,38,Produit B
1430,Chien,8.57,9,37.7,Produit C
1431,Chien,13.79,9,38.1,Produit C
1432,Vache,562.1,11,38.5,Produit D
1433,Vache,745.5,7,37.2,Produit C
1434,Chat,6.34,6,39.2,Produit E
1435,Vache,745.5,6,37,Produit E
1436,Cheval,515.1,4,39.3,Produit B
1437,Chien,14.12,6,40.9,Produit E
1438,Vache,583.8,11,38.1,Produit E
1439,Vache,483.2,12,37.5,Produit B
1440,Cheval,527.9,1,39.1,Produit C
1441,Cheval,542.1,13,38.9,Produit C
1442,Chat,6.93,11,40.4,Produit B
1443,Chat,3.48,2,38.8,Produit A
1444,Cheval,434.9,14,37.8,Produit E
1445,Cheval,475.4,3,37.4,Produit B
1446,Cheval,439.7,15,38.7,Produit E
1447,Cheval,497.4,12,38.2,Produit B
1448,Cheval,456.4,8,37.7,Produit E
1449,Chien,15.94,2,38.2,Produit D
1450,Chat,6.12,6,39,Produit C
1451,Vache,487,8,38.2,Produit B
1452,Chien,25.55,13,39.8,Produit D
1453,Chien,10.73,15,37.9,Produit D
1454,Cheval,462.3,8,37.8,Produit B
1455,Chien,27.19,2,37.5,Produit E
1456,Lapin,3.88,13,40.8,Produit C
1457,Lapin,2.82,8,39.7,Produit B
1458,Lapin,1.27,15,40.5,Produit A
1459,Cheval,534.1,6,38.2,Produit E
1460,Chat,5.84,12,40,Produit E
1461,Chien,16.72,3,38,Produit E
1462,Chien,21.63,3,38.5,Produit C
1463,Chien,21.48,15,37.8,Produit C
1464,Cheval,422.2,14,39.1,Produit C
1465,Lapin,3.98,10,39.7,Produit B
1466,Vache,673.7,9,37.5,Produit A
1467,Lapin,3.68,3,38.5,Produit E
1468,Chat,6.38,3,38.9,Produit A
1469,Vache,473.3,6,37.3,Produit E
1470,Cheval,456.3,8,37.8,Produit A
1471,Lapin,1.76,1,39.2,Produit E
1472,Lapin,2.66,8,40.7,Produit D
1473,Chat,5.81,7,40.1,Produit E
1474,Chat,3.49,2,39.5,Produit E
1475,Chien,11.28,4,39.2,Produit A
1476,Cheval,439.8,9,37.6,Produit E
1477,Lapin,2.68,2,39.3,Produit D
1478,Chat,6.86,5,39.2,Produit D
1479,Cheval,540,12,37.3,Produit A
1480,Vache,547.8,7,38.5,Produit D
1481,Lapin,2.63,8,40.3,Produit C
1482,Chat,5.22,4,38.5,Produit E
1483,Lapin,4.28,11,40.8,Produit D
1484,Chat,4.83,1,40.3,Produit B
1485,Lapin,3.8,4,39.8,Produit C
1486,Chat,4.2,13,40.3,Produit D
1487,Chat,2.65,11,38.6,Produit C
1488,Lapin,1.65,6,39.4,Produit B
1489,Chien,14.65,6,40.8,Produit B
1490,Chat,2.81,10,39,Produit A
1491,Cheval,495.7,9,38,Produit D
1492,Chat,5.19,8,38.3,Produit C
1493,Chien,17.83,10,38.6,Produit D
1494,Chien,19.23,7,39.7,Produit C
1495,Chat,7.17,11,40.4,Produit B
1496,Lapin,4.92,5,40.9,Produit B
1497,Lapin,3.45,8,38.5,Produit B
1498,Cheval,494.7,5,38.2,Produit B
1499,Vache,538,8,37,Produit D
1500,Chien,8.13,3,38.8,Produit C
1501,Vache,755.1,9,38.7,Produit D
1502,Vache,674.9,14,38,Produit C
1503,Chat,5.89,15,38.6,Produit D
1504,Vache,556.5,7,37,Produit D
1505,Lapin,4.36,9,39.9,Produit A
1506,Lapin,4.31,13,40.7,Produit D
1507,Chien,11.5,7,39.5,Produit B
1508,Chat,2.7,10,39,Produit E
1509,Chat,4.31,7,39.8,Produit B
1510,Chien,21.96,1,37.9,Produit B
1511,Chien,23.9,2,38.7,Produit A
1512,Lapin,3.95,5,38.6,Produit A
1513,Chien,8.23,13,40.8,Produit A
1514,Chat,7.4,1,39.3,Produit E
1515,Chat,5.86,8,39.1,Produit A
1516,Vache,748.2,4,37.2,Produit B
1517,Vache,632.6,14,38.3,Produit B
1518,Chien,13.66,12,40.4,Produit E
1519,Chien,27.94,3,39.9,Produit E
1520,Chien,16.83,6,39.3,Produit C
1521,Lapin,1.56,13,40.1,Produit E
1522,Chat,4.62,14,39,Produit A
1523,Chat,4.39,1,39.4,Produit C
1524,Vache,618.2,9,38.9,Produit D
1525,Chat,6,13,38.6,Produit E
1526,Chat,7.46,8,39.6,Produit A
1527,Cheval,457,9,37.8,Produit C
1528,Vache,675,14,37.8,Produit E
1529,Chat,4.92,9,39.5,Produit E
1530,Chat,3,11,38.1,Produit D
1531,Cheval,481.7,5,37.7,Produit B
1532,Vache,694.1,7,38.6,Produit C
1533,Vache,640.3,13,37.1,Produit C
1534,Lapin,3.36,12,40.8,Produit B
1535,Chat,6.24,5,38,Produit D
1536,Cheval,413.6,9,38.7,Produit B
1537,Chat,5.83,2,38.2,Produit B
1538,Lapin,3.21,3,39.6,Produit B
1539,Vache,487.9,11,38.3,Produit B
1540,Chat,6.49,4,38.5,Produit D
1541,Chien,12.1,2,39.8,Produit C
1542,Chien,19.02,4,39.9,Produit E
1543,Chien,27.48,3,38.6,Produit B
1544,Cheval,422.1,7,39,Produit E
1545,Lapin,3.74,15,39.1,Produit B
1546,Lapin,3.1,6,39.6,Produit B
1547,Chat,5.85,9,38.5,Produit D
1548,Vache,714.7,6,38.2,Produit B
1549,Lapin,4.15,14,38.9,Produit B
1550,Cheval,455,12,38.4,Produit A
1551,Chien,27.48,12,39.4,Produit A
1552,Vache,585.1,10,37,Produit B
1553,Vache,693.6,14,38.3,Produit D
1554,Vache,707.4,3,38.3,Produit C
1555,Chien,12.01,8,38.8,Produit D
1556,Lapin,1.59,4,40.2,Produit D
1557,Chien,20.72,13,39.9,Produit B
1558,Chien,23.58,3,39.1,Produit C
1559,Chat,3.06,4,39.5,Produit C
1560,Chat,5.19,13,38.9,Produit E
1561,Chien,15.83,4,40.5,Produit A
1562,Cheval,441.7,14,39,Produit E
1563,Chat,4.08,15,38,Produit E
1564,Vache,700,2,38.4,Produit D
1565,Lapin,1.12,9,40,Produit E
1566,Cheval,460.2,2,37.4,Produit C
1567,Chien,20.64,13,40.4,Produit E
1568,Cheval,598.7,5,38.5,Produit C
1569,Lapin,3.57,12,39.1,Produit D
1570,Chat,3.78,1,38.4,Produit C
1571,Chien,12.75,8,37.9,Produit C
1572,Vache,660.9,5,37.6,Produit C
1573,Cheval,440.1,1,39.3,Produit B
1574,Chat,5.02,15,38.2,Produit B
1575,Chien,24.54,6,39.6,Produit B
1576,Vache,525.7,4,37.9,Produit C
1577,Lapin,2.65,4,39.6,Produit D
1578,Chat,4.54,3,39.1,Produit B
1579,Chat,5.27,5,38.7,Produit D
1580,Chat,4.49,2,39.6,Produit D
1581,Chat,4.21,7,39.7,Produit C
1582,Chat,5.17,2,38.9,Produit C
1583,Chien,11.18,2,39.1,Produit C
1584,Chien,19.28,10,39.7,Produit A
1585,Vache,726.2,14,37,Produit D
1586,Lapin,1.38,15,39.7,Produit D
1587,Vache,465.5,8,38.4,Produit E
1588,Chat,6.81,15,39.5,Produit C
1589,Cheval,449.7,11,37,Produit D
1590,Vache,656.9,14,37,Produit C
1591,Vache,456.4,10,37.7,Produit D
1592,Cheval,583.9,15,38.5,Produit B
1593,Chien,20.08,1,38,Produit B
1594,Lapin,1.53,15,40.8,Produit C
1595,Cheval,550.2,15,39.2,Produit C
1596,Chien,24.54,15,39.8,Produit E
1597,Chien,23.46,2,39.9,Produit E
1598,Chat,4.08,7,38.5,Produit D
1599,Chien,13.13,6,39.2,Produit C
1600,Chien,19.68,13,38.7,Produit E
1601,Lapin,3.28,14,40.7,Produit D
1602,Chien,11.32,15,40.4,Produit E
1603,Chien,18.11,4,39.3,Produit B
1604,Lapin,2.93,6,38.5,Produit A
1605,Chat,5.22,10,38.1,Produit C
1606,Chat,2.5,5,40.2,Produit A
1607,Chien,9.19,11,37.5,Produit E
1608,Lapin,4.99,10,39.1,Produit D
1609,Chat,6.13,7,39.9,Produit D
1610,Cheval,595,15,37.6,Produit D
1611,Cheval,571.8,13,37.4,Produit E
1612,Vache,565.4,15,37.3,Produit D
1613,Vache,682.9,5,37.5,Produit A
1614,Lapin,2.51,4,38.5,Produit A
1615,Lapin,1.98,7,39.4,Produit D
1616,Chien,14.54,13,38,Produit A
1617,Vache,575.4,4,38.3,Produit C
1618,Chat,6.57,14,39,Produit E
1619,Cheval,454.1,9,37.4,Produit E
1620,Vache,572.7,7,38.6,Produit E
1621,Vache,574.6,10,37.8,Produit B
1622,Chien,16.05,4,38.7,Produit A
1623,Chat,6.72,5,39.6,Produit D
1624,Vache,638.9,1,37.7,Produit C
1625,Vache,530.5,5,37.4,Produit A
1626,Chat,3.5,15,40,Produit D
1627,Chien,16.49,9,39.6,Produit B
1628,Cheval,449.2,10,38.6,Produit E
1629,Chien,22.79,5,40.1,Produit E
1630,Cheval,576.3,5,38.6,Produit A
1631,Vache,507.2,6,37.1,Produit A
1632,Lapin,2.05,3,39.2,Produit D
1633,Vache,689.8,3,37.6,Produit D
1634,Chien,25.61,12,38.4,Produit B
1635,Vache,463.6,8,37.5,Produit A
1636,Chien,10.72,5,39.5,Produit C
1637,Lapin,1.1,6,40.5,Produit E
1638,Chat,7.31,12,38.2,Produit E
1639,Lapin,2.43,7,38.7,Produit B
1640,Lapin,4.75,1,39,Produit E
1641,Chat,6.34,9,38.6,Produit A
1642,Lapin,3.3,10,39.1,Produit E
1643,Cheval,450.7,3,37.8,Produit E
1644,Vache,472.4,9,38.8,Produit A
1645,Chien,10.78,2,38.5,Produit D
1646,Chat,6.74,9,38.2,Produit C
1647,Chat,5.8,15,39.2,Produit C
1648,Chat,3.07,5,38.7,Produit A
1649,Lapin,1.52,5,40.4,Produit A
1650,Chien,12.33,8,39.1,Produit D
1651,Cheval,405.5,8,38.2,Produit D
1652,Chat,5.78,12,40.3,Produit A
1653,Chat,3,7,40.2,Produit E
1654,Vache,744.9,1,37.7,Produit D
1655,Lapin,4.14,4,38.9,Produit D
1656,Lapin,3.33,5,38.5,Produit E
1657,Vache,546.6,10,38.1,Produit A
1658,Chien,21.92,1,38.4,Produit A
1659,Chien,16.13,15,40.4,Produit B
1660,Lapin,3.07,12,40.5,Produit D
1661,Chat,2.9,9,38.6,Produit B
1662,Vache,504.5,10,38.5,Produit C
1663,Lapin,4.33,15,39.1,Produit E
1664,Lapin,2.67,9,40.2,Produit B
1665,Chat,5.97,9,39.2,Produit E
1666,Vache,693,14,38.3,Produit A
1667,Chat,5.46,11,38.7,Produit D
1668,Lapin,3.2,13,40.8,Produit C
1669,Vache,646.2,4,38.5,Produit B
1670,Vache,484.2,1,37.7,Produit C
1671,Chat,5.89,15,39.7,Produit E
1672,Vache,559.5,5,38.7,Produit D
1673,Chien,23.28,5,39.7,Produit C
1674,Lapin,4.95,5,39,Produit A
1675,Vache,592.3,8,37.4,Produit A
1676,Vache,678.7,5,37,Produit D
1677,Cheval,581.6,5,38.5,Produit A
1678,Vache,600.9,15,37.1,Produit D
1679,Chat,5.24,15,38.1,Produit A
1680,Lapin,4.1,5,38.6,Produit B
1681,Lapin,3.63,2,39.8,Produit B
1682,Cheval,565.8,4,37.2,Produit A
1683,Lapin,3.61,12,39.8,Produit C
1684,Chat,5.85,10,39.7,Produit E
1685,Lapin,3.17,14,39.2,Produit A
1686,Cheval,469.2,12,37.8,Produit E
1687,Chat,5.19,2,39.4,Produit D
1688,Cheval,518.7,1,39,Produit A
1689,Chat,5.02,7,39.6,Produit A
1690,Lapin,4.14,13,39.9,Produit B
1691,Vache,734.1,13,37,Produit C
1692,Chat,6.69,9,39.4,Produit A
1693,Chat,5.62,13,40.1,Produit E
1694,Cheval,563.4,2,38.3,Produit B
1695,Vache,644.4,12,37.7,Produit A
1696,Vache,527.8,7,38.9,Produit A
1697,Cheval,561,3,37.4,Produit B
1698,Chien,15.92,12,40.8,Produit B
1699,Chien,18.09,15,37.7,Produit D
1700,Cheval,434.8,3,38.6,Produit D
1701,Lapin,2.84,9,38.8,Produit C
1702,Chat,4.77,9,38.1,Produit A
1703,Lapin,1.02,4,40.1,Produit B
1704,Cheval,538.5,6,37,Produit C
1705,Lapin,4.8,2,39.3,Produit A
1706,Chien,14.65,4,39.4,Produit E
1707,Lapin,3.22,11,39.4,Produit C
1708,Cheval,548.2,8,38.4,Produit C
1709,Cheval,443.4,7,37,Produit B
1710,Cheval,586.5,12,37.8,Produit D
1711,Cheval,472.4,8,37.5,Produit D
1712,Vache,458,8,38.6,Produit B
1713,Chien,13.38,8,40.6,Produit A
1714,Chat,5.07,5,39.6,Produit E
1715,Chat,3.64,10,40.4,Produit D
1716,Chien,15.07,9,40.7,Produit C
1717,Cheval,491.5,15,37.9,Produit E
1718,Chien,16.78,7,40.8,Produit A
1719,Cheval,469.6,10,39.4,Produit B
1720,Chat,3.37,10,39.4,Produit B
1721,Chat,3.11,5,39.5,Produit E
1722,Chat,4.47,13,38.6,Produit A
1723,Lapin,1.87,5,39.9,Produit D
1724,Cheval,434.2,12,38.5,Produit D
1725,Chat,7.41,14,39.1,Produit E
1726,Vache,572.9,7,37.2,Produit E
1727,Cheval,586.2,13,37.4,Produit B
1728,Chien,9.79,15,40.3,Produit B
1729,Lapin,1.24,14,39.5,Produit E
1730,Vache,594.1,6,37.3,Produit D
1731,Lapin,2.62,2,39.6,Produit C
1732,Cheval,479,1,37,Produit B
1733,Vache,550.4,6,38.9,Produit E
1734,Chat,5.62,2,40.1,Produit A
1735,Vache,705.2,3,37.3,Produit C
1736,Chat,4.17,9,38.9,Produit E
1737,Chien,23.03,3,39,Produit D
1738,Vache,734.7,10,37.2,Produit B
1739,Vache,678.4,7,37.5,Produit C
1740,Chat,5.16,7,39.6,Produit E
1741,Chien,16.27,7,40,Produit E
1742,Cheval,546.6,7,38.7,Produit E
1743,Chien,9.14,15,38.1,Produit B
1744,Cheval,433.5,4,37.8,Produit B
1745,Chat,5.05,13,39.4,Produit E
1746,Cheval,589.8,1,38.7,Produit D
1747,Chat,5.36,15,38.1,Produit E
1748,Cheval,524.5,4,39.3,Produit C
1749,Vache,537.7,12,38.2,Produit D
1750,Vache,530,6,37.9,Produit C
1751,Cheval,492.5,10,37.7,Produit C
1752,Chat,5.31,3,39.2,Produit D
1753,Lapin,1.77,8,39.8,Produit E
1754,Chien,13.57,6,40.7,Produit D
1755,Chien,20.69,2,40.9,Produit A
1756,Chien,20.35,8,39.9,Produit E
1757,Chat,4.75,10,39,Produit D
1758,Chien,25.18,15,40.7,Produit D
1759,Chien,27.72,10,38.5,Produit E
1760,Cheval,448,10,38.3,Produit C
1761,Chien,17.63,14,39.6,Produit C
1762,Chat,2.66,8,38.8,Produit C
1763,Cheval,514,4,38.1,Produit C
1764,Vache,697.6,13,38.8,Produit D
1765,Cheval,549.2,9,37.9,Produit E
1766,Cheval,551.2,1,38,Produit C
1767,Cheval,555.3,2,38.8,Produit B
1768,Lapin,1.96,6,39.4,Produit E
1769,Chat,6.99,9,39.5,Produit C
1770,Vache,703.4,5,38,Produit C
1771,Vache,748.6,11,38.1,Produit E
1772,Chien,15.91,6,39.3,Produit D
1773,Cheval,410.7,8,37.6,Produit E
1774,Lapin,4.51,5,39.9,Produit D
1775,Chat,2.97,13,40.1,Produit C
1776,Chat,3.97,9,38.9,Produit A
1777,Chat,4.94,9,39.5,Produit C
1778,Chien,18.06,3,40.3,Produit A
1779,Chat,5.95,2,40.4,Produit E
1780,Vache,534.9,4,38.5,Produit B
1781,Chat,2.91,13,39.2,Produit D
1782,Chat,5.21,3,38.4,Produit A
1783,Vache,508.6,7,38.5,Produit C
1784,Chien,11.69,10,39.3,Produit D
1785,Vache,473.5,11,38.3,Produit B
1786,Chien,18.27,5,38.9,Produit C
1787,Lapin,1.59,5,40,Produit A
1788,Chien,25.79,15,37.7,Produit D
1789,Chat,2.97,15,40.2,Produit D
1790,Chat,3.35,8,39.4,Produit E
1791,Cheval,473,7,37.3,Produit B
1792,Lapin,2.4,3,39,Produit D
1793,Cheval,412,10,37.5,Produit B
1794,Chien,8.48,10,39.5,Produit E
1795,Chat,2.51,12,38.1,Produit C
1796,Lapin,3.85,9,39.1,Produit D
1797,Vache,688,11,37.4,Produit A
1798,Chien,27.82,1,38.5,Produit C
1799,Chien,10.77,14,39,Produit C
1800,Lapin,4.39,12,40.3,Produit C
1801,Chat,6.68,15,40,Produit B
1802,Cheval,579.2,14,39.3,Produit D
1803,Lapin,4.67,2,40.7,Produit C
1804,Cheval,506.6,3,37.5,Produit C
1805,Chien,21.06,13,37.6,Produit B
1806,Vache,514.4,5,38.2,Produit B
1807,Chien,14.28,1,40.8,Produit D
1808,Chat,3.75,13,39.6,Produit C
1809,Chat,5.34,3,40.1,Produit A
1810,Cheval,423.4,3,39,Produit B
1811,Lapin,4.4,8,40.4,Produit B
1812,Vache,688.9,4,37.2,Produit D
1813,Chat,3.35,5,40.4,Produit A
1814,Chat,4.13,10,39.4,Produit E
1815,Cheval,431,3,37,Produit E
1816,Lapin,2.34,2,39.1,Produit C
1817,Chien,25.52,11,37.7,Produit A
1818,Chien,12.21,6,38.5,Produit E
1819,Chien,17.47,11,38.3,Produit D
1820,Cheval,504.8,5,39.4,Produit D
1821,Cheval,484.8,12,39.1,Produit B
1822,Cheval,539.4,11,38.7,Produit D
1823,Lapin,1.52,3,38.9,Produit C
1824,Chat,7.42,9,39.9,Produit B
1825,Chien,9.76,10,38.2,Produit A
1826,Lapin,4.25,3,39,Produit E
1827,Chien,13.51,4,38,Produit B
1828,Chat,5.62,11,40.3,Produit E
1829,Lapin,4.6,15,38.8,Produit D
1830,Chien,9.5,2,39.6,Produit E
1831,Vache,554.5,8,38.9,Produit E
1832,Cheval,479.8,7,37,Produit E
1833,Chat,6.09,5,38.6,Produit A
1834,Chat,6.49,4,38.2,Produit D
1835,Lapin,1.95,9,40.7,Produit B
1836,Lapin,3.45,2,40.2,Produit A
1837,Vache,625,11,38.9,Produit C
1838,Chien,26.75,4,38,Produit D
1839,Cheval,587.1,9,39.3,Produit B
1840,Chat,4.3,10,39.4,Produit C
1841,Lapin,4.72,15,39.5,Produit A
1842,Lapin,2.4,1,39.7,Produit B
1843,Cheval,477.4,15,38.5,Produit E
1844,Chien,25.84,4,39.3,Produit C
1845,Vache,622.3,9,37.4,Produit B
1846,Chien,23.48,6,40.2,Produit B
1847,Cheval,437.6,12,38.2,Produit C
1848,Vache,525.6,8,37,Produit A
1849,Cheval,437,11,38.8,Produit D
1850,Lapin,2.41,9,39.9,Produit A
1851,Lapin,3.15,14,40.4,Produit C
1852,Chien,10.02,13,39.7,Produit B
1853,Chat,7.38,7,38.9,Produit C
1854,Lapin,4.07,14,40.7,Produit A
1855,Lapin,3.88,8,38.5,Produit A
1856,Cheval,434.5,8,37.1,Produit B
1857,Chien,15.09,15,39.2,Produit D
1858,Cheval,563.7,9,38.2,Produit A
1859,Chien,8.69,9,39.8,Produit B
1860,Chien,10.95,13,39.9,Produit C
1861,Vache,511.5,1,38,Produit C
1862,Cheval,436.8,6,37.6,Produit B
1863,Chat,3.62,6,39.9,Produit A
1864,Cheval,568.9,8,37.7,Produit E
1865,Chat,4.89,5,39,Produit E
1866,Chat,4.1,7,39,Produit B
1867,Cheval,407.7,12,37.6,Produit E
1868,Chien,27.62,8,40.4,Produit D
1869,Lapin,3.74,7,38.7,Produit C
1870,Cheval,520,9,37.3,Produit D
1871,Cheval,519.6,6,39.2,Produit E
1872,Chien,15.56,13,39.5,Produit C
1873,Chat,3.69,6,39.2,Produit C
1874,Lapin,4.02,6,40,Produit C
1875,Lapin,2.11,13,38.5,Produit E
1876,Vache,546.4,1,38,Produit A
1877,Chat,3.61,6,39.1,Produit B
1878,Chat,3.53,3,38.3,Produit E
1879,Vache,531.4,5,38,Produit C
1880,Cheval,408.3,1,37.8,Produit B
1881,Vache,569.8,7,37.2,Produit A
1882,Chien,25.02,3,38.1,Produit C
1883,Lapin,1.9,10,40.5,Produit A
1884,Cheval,586,8,37.2,Produit B
1885,Chat,6.05,12,38.5,Produit A
1886,Vache,546,4,37.8,Produit A
1887,Cheval,536,7,38.2,Produit C
1888,Chien,15.56,8,38,Produit A
1889,Chien,17.93,5,37.6,Produit C
1890,Vache,495.2,11,37.8,Produit C
1891,Lapin,4.3,13,39.9,Produit E
1892,Vache,636.4,5,37.9,Produit E
1893,Cheval,441.5,4,38.5,Produit A
1894,Vache,474.3,7,38.7,Produit A
1895,Cheval,435,5,37.9,Produit C
1896,Lapin,2.13,3,40,Produit E
1897,Cheval,458.4,1,37.3,Produit A
1898,Chat,4.71,12,39.4,Produit B
1899,Lapin,3.13,10,39.2,Produit A
1900,Chat,6.55,3,38,Produit C
1901,Cheval,422.7,10,37.3,Produit C
1902,Vache,735.3,10,37.5,Produit B
1903,Lapin,3.32,14,39.9,Produit E
1904,Vache,652.1,15,37.1,Produit B
1905,Cheval,441.2,5,37,Produit A
1906,Chien,20.18,11,38.9,Produit D
1907,Chien,25.36,8,39.6,Produit B
1908,Vache,507.4,10,38.8,Produit A
1909,Lapin,4.81,10,39.2,Produit E
1910,Lapin,1.86,9,40.9,Produit E
1911,Lapin,1.42,4,40,Produit D
1912,Lapin,2,8,38.9,Produit A
1913,Vache,487,8,37.3,Produit D
1914,Lapin,3.05,10,40.9,Produit A
1915,Cheval,562.6,15,37.4,Produit B
1916,Chat,3.29,12,40.3,Produit A
1917,Cheval,440.6,3,38,Produit A
1918,Chien,22.66,10,39.5,Produit E
1919,Chien,20.36,4,40.6,Produit B
1920,Vache,697,10,38.1,Produit E
1921,Chien,19.81,6,39.7,Produit B
1922,Chien,27.35,15,38.1,Produit D
1923,Vache,510,15,37.4,Produit E
1924,Lapin,4.15,11,40.6,Produit C
1925,Cheval,549.6,9,37.5,Produit A
1926,Lapin,2.32,13,39,Produit D
1927,Lapin,2.88,3,40.5,Produit A
1928,Vache,685.4,9,37.6,Produit A
1929,Chien,24.96,9,39.8,Produit B
1930,Chat,2.58,7,39.9,Produit C
1931,Cheval,418.7,14,38,Produit D
1932,Chat,2.9,1,39.5,Produit A
1933,Vache,716.5,11,38.9,Produit B
1934,Vache,717.4,7,38,Produit D
1935,Chat,4.79,2,38.4,Produit C
1936,Vache,482.6,14,38.6,Produit A
1937,Chat,5.04,4,39.1,Produit E
1938,Vache,619.6,8,37,Produit A
1939,Chat,3.42,13,39,Produit D
1940,Vache,521.7,3,38.1,Produit B
1941,Cheval,595,2,38.4,Produit A
1942,Lapin,3.75,8,39.6,Produit D
1943,Lapin,1.15,11,38.7,Produit B
1944,Chat,5.76,10,40.1,Produit D
1945,Lapin,4.08,6,40.7,Produit E
1946,Chat,6.78,10,38.4,Produit A
1947,Cheval,512.4,11,38.9,Produit C
1948,Lapin,1.65,8,40.2,Produit C
1949,Chien,12.68,10,38,Produit B
1950,Chien,22.91,3,37.6,Produit A
1951,Vache,728.9,11,37.9,Produit D
1952,Chat,2.59,8,38.4,Produit B
1953,Vache,520.3,15,37.7,Produit E
1954,Chien,11.13,14,38.4,Produit C
1955,Lapin,4.89,1,38.9,Produit C
1956,Chien,19.14,1,39.2,Produit C
1957,Vache,489.7,13,38.2,Produit D
1958,Chien,20.09,3,38.8,Produit E
1959,Chien,8.05,7,37.8,Produit B
1960,Chien,15.93,5,40,Produit C
1961,Lapin,3.58,8,39.6,Produit C
1962,Cheval,532.9,5,38.8,Produit C
1963,Chat,4.02,7,38.5,Produit B
1964,Chien,14.21,2,39.1,Produit C
1965,Cheval,434.1,13,39.1,Produit B
1966,Chien,15.68,3,38.7,Produit B
1967,Cheval,602.4,1,37,Produit D
1968,Cheval,529.8,12,37,Produit C
1969,Cheval,478,8,38.6,Produit E
1970,Vache,594,8,37.7,Produit C
1971,Vache,682.5,10,38.1,Produit D
1972,Vache,663.7,4,38.2,Produit C
1973,Chat,5.6,3,39.8,Produit C
1974,Lapin,4.3,7,38.7,Produit A
1975,Cheval,587,10,37.1,Produit E
1976,Cheval,547.1,5,39.2,Produit C
1977,Chat,5.94,7,38.6,Produit E
1978,Vache,474.1,11,37.3,Produit E
1979,Cheval,434.1,15,38.6,Produit E
1980,Cheval,563.2,4,38.9,Produit D
1981,Chien,26.93,13,40.1,Produit C
1982,Vache,706.8,13,37.9,Produit C
1983,Vache,677.1,11,37.8,Produit B
1984,Chat,6.94,12,39.2,Produit D
1985,Vache,657.9,15,38.6,Produit C
1986,Vache,530.4,4,38.1,Produit C
1987,Chat,7.02,5,39.9,Produit E
1988,Vache,742.1,5,38.9,Produit C
1989,Lapin,1.21,4,40.5,Produit B
1990,Lapin,3.68,7,40.9,Produit B
1991,Chat,4.27,8,40.1,Produit B
1992,Chien,11.59,1,40.2,Produit D
1993,Lapin,1.9,9,40,Produit A
1994,Lapin,2.38,7,38.9,Produit A
1995,Chien,8.25,15,38.2,Produit C
1996,Chat,7.01,8,39.2,Produit C
1997,Lapin,2.78,5,40.3,Produit D
1998,Lapin,4.51,13,40.8,Produit C
1999,Lapin,1.66,14,39,Produit C
2000,Lapin,2.09,5,40.1,Produit D
